
> app@0.0.1 build
> vite build

[vite.config] TAURI_DEV_HOST = (not set)
[vite.config] Binding Vite server to 0.0.0.0:5173 (IPv4 + IPv6)
[36mvite v8.0.13 [32mbuilding ssr environment for production...[36m[39m
[2Ktransforming...10:04:14 p. m. [vite-plugin-svelte] src/routes/(app)/+layout.svelte:107:5 Buttons and links should either contain text or have an `aria-label`, `aria-labelledby` or `title` attribute
https://svelte.dev/e/a11y_consider_explicit_label
105:       <header class="bg-white border-b border-slate-100 h-16 px-6 flex items-center justify-end sticky top-0 z-20 shadow-sm">
106:         <div class="flex items-center gap-4">
107:           <button class="text-slate-400 hover:text-brand-orange relative">
                        ^
108:             <i class="fas fa-bell"></i>
109:             <span class="absolute -top-1 -right-1 w-2.5 h-2.5 bg-red-500 rounded-full border-2 border-white"></span>
10:04:14 p. m. [vite-plugin-svelte] src/routes/(app)/comercial/clientes/+page.svelte:75:4 Buttons and links should either contain text or have an `aria-label`, `aria-labelledby` or `title` attribute
https://svelte.dev/e/a11y_consider_explicit_label
73:     <div class="flex flex-col">
74:       <div class="flex items-center gap-2 text-slate-500 text-sm mb-1">
75:         <a href="/comercial" class="hover:text-blue-600 transition-colors"><i class="fas fa-arrow-left"></i></a>
                                                                                                                    ^
76:         <span class="font-bold text-slate-800 text-2xl ml-2">Directorio de Clientes</span>
77:       </div>
10:04:14 p. m. [vite-plugin-svelte] src/routes/(app)/comercial/proveedores/+page.svelte:75:4 Buttons and links should either contain text or have an `aria-label`, `aria-labelledby` or `title` attribute
https://svelte.dev/e/a11y_consider_explicit_label
73:     <div class="flex flex-col">
74:       <div class="flex items-center gap-2 text-slate-500 text-sm mb-1">
75:         <a href="/comercial" class="hover:text-blue-600 transition-colors"><i class="fas fa-arrow-left"></i></a>
                                                                                                                    ^
76:         <span class="font-bold text-slate-800 text-2xl ml-2">Directorio de Proveedores</span>
77:       </div>
10:04:14 p. m. [vite-plugin-svelte] src/routes/(app)/proyectos/partidas/+page.svelte:145:31 `a11y-no-static-element-interactions` is no longer valid — please use `a11y_no_static_element_interactions` instead
https://svelte.dev/e/legacy_code
143:         {#if showLeftDrawer || showRightDrawer}
144:             <!-- svelte-ignore a11y-click-events-have-key-events -->
145:             <!-- svelte-ignore a11y-no-static-element-interactions -->
                                                                       ^
146:             <div role="button" tabindex="0" class="fixed inset-0 bg-black/20 z-0 md:hidden" onclick={() => {showLeftDrawer = false; showRightDrawer = false;}}></div>
147:         {/if}
10:04:14 p. m. [vite-plugin-svelte] src/routes/(app)/proyectos/partidas/+page.svelte:144:31 `a11y-click-events-have-key-events` is no longer valid — please use `a11y_click_events_have_key_events` instead
https://svelte.dev/e/legacy_code
142:         <!-- Mobile overlay background -->
143:         {#if showLeftDrawer || showRightDrawer}
144:             <!-- svelte-ignore a11y-click-events-have-key-events -->
                                                                     ^
145:             <!-- svelte-ignore a11y-no-static-element-interactions -->
146:             <div role="button" tabindex="0" class="fixed inset-0 bg-black/20 z-0 md:hidden" onclick={() => {showLeftDrawer = false; showRightDrawer = false;}}></div>
10:04:14 p. m. [vite-plugin-svelte] src/routes/(app)/proyectos/partidas/+page.svelte:146:12 Visible, non-interactive elements with a click event must be accompanied by a keyboard event handler. Consider whether an interactive element such as `<button type="button">` or `<a>` might be more appropriate
https://svelte.dev/e/a11y_click_events_have_key_events
144:             <!-- svelte-ignore a11y-click-events-have-key-events -->
145:             <!-- svelte-ignore a11y-no-static-element-interactions -->
146:             <div role="button" tabindex="0" class="fixed inset-0 bg-black/20 z-0 md:hidden" onclick={() => {showLeftDrawer = false; showRightDrawer = false;}}></div>
                                                                                                                                                                          ^
147:         {/if}
148:     </main>
10:04:14 p. m. [vite-plugin-svelte] src/routes/(app)/iam/roles-permisos/+page.svelte:324:4 Buttons and links should either contain text or have an `aria-label`, `aria-labelledby` or `title` attribute
https://svelte.dev/e/a11y_consider_explicit_label
322:           <h3 class="font-bold text-slate-800 text-base">{editingRoleId ? 'Editar Rol' : 'Crear Nuevo Rol'}</h3>
323:         </div>
324:         <button onclick={() => isRoleModalOpen = false} class="text-slate-400 hover:text-slate-600 text-lg p-1">
                      ^
325:           <i class="fas fa-times"></i>
326:         </button>
10:04:14 p. m. [vite-plugin-svelte] src/routes/(app)/iam/roles-permisos/+page.svelte:338:5 A form label must be associated with a control
https://svelte.dev/e/a11y_label_has_associated_control
336: 
337:         <div>
338:           <label class="block text-xs font-semibold text-slate-600 mb-1">Nombre del Rol *</label>
                                                                                                      ^
339:           <input type="text" bind:value={nuevoRolNombre} placeholder="ej. supervisor" disabled={editingRoleId && nuevoRolNombre === 'administrador'} required class="w-full px-3 py-2 bg-slate-50 border border-slate-200 rounded-xl focus:ring-2 focus:ring-blue-500 focus:border-blue-500 focus:bg-white outline-none transition-all text-sm disabled:opacity-50" />
340:           <p class="text-[10px] text-slate-400 mt-1">Se guardará en minúsculas. Evita espacios.</p>
10:04:14 p. m. [vite-plugin-svelte] src/routes/(app)/iam/roles-permisos/+page.svelte:343:5 A form label must be associated with a control
https://svelte.dev/e/a11y_label_has_associated_control
341:         </div>
342:         <div>
343:           <label class="block text-xs font-semibold text-slate-600 mb-1">Descripción</label>
                                                                                                 ^
344:           <textarea bind:value={nuevoRolDescripcion} placeholder="Breve descripción de las responsabilidades..." rows="3" class="w-full px-3 py-2 bg-slate-50 border border-slate-200 rounded-xl focus:ring-2 focus:ring-blue-500 focus:border-blue-500 focus:bg-white outline-none transition-all text-sm resize-none"></textarea>
345:         </div>
10:04:14 p. m. [vite-plugin-svelte] src/routes/(app)/proyectos/gestion/[id]/+page.svelte:225:6 A form label must be associated with a control
https://svelte.dev/e/a11y_label_has_associated_control
223:         <div class="grid grid-cols-1 md:grid-cols-2 gap-6">
224:           <div>
225:             <label class="block text-xs font-bold text-slate-500 mb-1.5 uppercase tracking-wider">Nombre del Proyecto</label>
                                                                                                                                  ^
226:             <input type="text" value={proyecto.nombre_proyecto} class="w-full px-4 py-2.5 bg-slate-50 border border-slate-200 rounded-xl focus:bg-white focus:ring-2 focus:ring-orange-500 focus:border-orange-500 outline-none transition-all text-sm font-medium text-slate-800" />
227:           </div>
10:04:14 p. m. [vite-plugin-svelte] src/routes/(app)/proyectos/gestion/[id]/+page.svelte:229:6 A form label must be associated with a control
https://svelte.dev/e/a11y_label_has_associated_control
227:           </div>
228:           <div>
229:             <label class="block text-xs font-bold text-slate-500 mb-1.5 uppercase tracking-wider">Responsable (Residente)</label>
                                                                                                                                      ^
230:             <input type="text" value={proyecto.responsable || ''} placeholder="Ej. Ing. Juan Pérez" class="w-full px-4 py-2.5 bg-slate-50 border border-slate-200 rounded-xl focus:bg-white focus:ring-2 focus:ring-orange-500 focus:border-orange-500 outline-none transition-all text-sm font-medium text-slate-800" />
231:           </div>
10:04:14 p. m. [vite-plugin-svelte] src/routes/(app)/proyectos/gestion/[id]/+page.svelte:233:6 A form label must be associated with a control
https://svelte.dev/e/a11y_label_has_associated_control
231:           </div>
232:           <div class="md:col-span-2">
233:             <label class="block text-xs font-bold text-slate-500 mb-1.5 uppercase tracking-wider">Ubicación</label>
                                                                                                                        ^
234:             <input type="text" value={proyecto.ubicacion || ''} class="w-full px-4 py-2.5 bg-slate-50 border border-slate-200 rounded-xl focus:bg-white focus:ring-2 focus:ring-orange-500 focus:border-orange-500 outline-none transition-all text-sm font-medium text-slate-800" />
235:           </div>
10:04:14 p. m. [vite-plugin-svelte] src/routes/(app)/proyectos/gestion/[id]/+page.svelte:237:6 A form label must be associated with a control
https://svelte.dev/e/a11y_label_has_associated_control
235:           </div>
236:           <div class="md:col-span-2">
237:             <label class="block text-xs font-bold text-slate-500 mb-1.5 uppercase tracking-wider">Descripción</label>
                                                                                                                          ^
238:             <textarea rows="3" class="w-full px-4 py-2.5 bg-slate-50 border border-slate-200 rounded-xl focus:bg-white focus:ring-2 focus:ring-orange-500 focus:border-orange-500 outline-none transition-all text-sm font-medium text-slate-800 resize-none">{proyecto.descripcion || ''}</textarea>
239:           </div>
10:04:14 p. m. [vite-plugin-svelte] src/routes/(app)/proyectos/gestion/[id]/+page.svelte:241:6 A form label must be associated with a control
https://svelte.dev/e/a11y_label_has_associated_control
239:           </div>
240:           <div>
241:             <label class="block text-xs font-bold text-slate-500 mb-1.5 uppercase tracking-wider">Cliente ID</label>
                                                                                                                         ^
242:             <input type="text" value={proyecto.id_cliente || ''} class="w-full px-4 py-2.5 bg-slate-50 border border-slate-200 rounded-xl focus:bg-white focus:ring-2 focus:ring-orange-500 focus:border-orange-500 outline-none transition-all text-sm font-medium text-slate-800" />
243:           </div>
10:04:14 p. m. [vite-plugin-svelte] src/routes/(app)/proyectos/gestion/[id]/+page.svelte:245:6 A form label must be associated with a control
https://svelte.dev/e/a11y_label_has_associated_control
243:           </div>
244:           <div>
245:             <label class="block text-xs font-bold text-slate-500 mb-1.5 uppercase tracking-wider">Tipo de Proyecto</label>
                                                                                                                               ^
246:             <input type="text" value={proyecto.tip_proyecto || ''} class="w-full px-4 py-2.5 bg-slate-50 border border-slate-200 rounded-xl focus:bg-white focus:ring-2 focus:ring-orange-500 focus:border-orange-500 outline-none transition-all text-sm font-medium text-slate-800" />
247:           </div>
10:04:14 p. m. [vite-plugin-svelte] src/routes/(app)/proyectos/gestion/[id]/+page.svelte:249:6 A form label must be associated with a control
https://svelte.dev/e/a11y_label_has_associated_control
247:           </div>
248:           <div>
249:             <label class="block text-xs font-bold text-slate-500 mb-1.5 uppercase tracking-wider">Estado Predio</label>
                                                                                                                            ^
250:             <input type="text" value={proyecto.estado_predio || ''} class="w-full px-4 py-2.5 bg-slate-50 border border-slate-200 rounded-xl focus:bg-white focus:ring-2 focus:ring-orange-500 focus:border-orange-500 outline-none transition-all text-sm font-medium text-slate-800" />
251:           </div>
10:04:14 p. m. [vite-plugin-svelte] src/routes/(app)/proyectos/gestion/[id]/+page.svelte:253:6 A form label must be associated with a control
https://svelte.dev/e/a11y_label_has_associated_control
251:           </div>
252:           <div>
253:             <label class="block text-xs font-bold text-slate-500 mb-1.5 uppercase tracking-wider">Tipo Edificación</label>
                                                                                                                               ^
254:             <input type="text" value={proyecto.tipo_edifica || ''} class="w-full px-4 py-2.5 bg-slate-50 border border-slate-200 rounded-xl focus:bg-white focus:ring-2 focus:ring-orange-500 focus:border-orange-500 outline-none transition-all text-sm font-medium text-slate-800" />
255:           </div>
10:04:14 p. m. [vite-plugin-svelte] src/routes/(app)/proyectos/gestion/[id]/+page.svelte:257:6 A form label must be associated with a control
https://svelte.dev/e/a11y_label_has_associated_control
255:           </div>
256:           <div>
257:             <label class="block text-xs font-bold text-slate-500 mb-1.5 uppercase tracking-wider">Nro pisos</label>
                                                                                                                        ^
258:             <input type="number" value={proyecto.Nro_pisos ?? ''} class="w-full px-4 py-2.5 bg-slate-50 border border-slate-200 rounded-xl focus:bg-white focus:ring-2 focus:ring-orange-500 focus:border-orange-500 outline-none transition-all text-sm font-medium text-slate-800" />
259:           </div>
10:04:14 p. m. [vite-plugin-svelte] src/routes/(app)/proyectos/gestion/[id]/+page.svelte:261:6 A form label must be associated with a control
https://svelte.dev/e/a11y_label_has_associated_control
259:           </div>
260:           <div>
261:             <label class="block text-xs font-bold text-slate-500 mb-1.5 uppercase tracking-wider">Distrito</label>
                                                                                                                       ^
262:             <input type="text" value={proyecto.distrito || ''} class="w-full px-4 py-2.5 bg-slate-50 border border-slate-200 rounded-xl focus:bg-white focus:ring-2 focus:ring-orange-500 focus:border-orange-500 outline-none transition-all text-sm font-medium text-slate-800" />
263:           </div>
10:04:14 p. m. [vite-plugin-svelte] src/routes/(app)/proyectos/gestion/[id]/+page.svelte:265:6 A form label must be associated with a control
https://svelte.dev/e/a11y_label_has_associated_control
263:           </div>
264:           <div>
265:             <label class="block text-xs font-bold text-slate-500 mb-1.5 uppercase tracking-wider">Provincia</label>
                                                                                                                        ^
266:             <input type="text" value={proyecto.provincia || ''} class="w-full px-4 py-2.5 bg-slate-50 border border-slate-200 rounded-xl focus:bg-white focus:ring-2 focus:ring-orange-500 focus:border-orange-500 outline-none transition-all text-sm font-medium text-slate-800" />
267:           </div>
10:04:15 p. m. [vite-plugin-svelte] src/routes/(app)/proyectos/gestion/[id]/+page.svelte:269:6 A form label must be associated with a control
https://svelte.dev/e/a11y_label_has_associated_control
267:           </div>
268:           <div>
269:             <label class="block text-xs font-bold text-slate-500 mb-1.5 uppercase tracking-wider">Departamento</label>
                                                                                                                           ^
270:             <input type="text" value={proyecto.departamento || ''} class="w-full px-4 py-2.5 bg-slate-50 border border-slate-200 rounded-xl focus:bg-white focus:ring-2 focus:ring-orange-500 focus:border-orange-500 outline-none transition-all text-sm font-medium text-slate-800" />
271:           </div>
10:04:15 p. m. [vite-plugin-svelte] src/routes/(app)/proyectos/gestion/[id]/+page.svelte:277:6 A form label must be associated with a control
https://svelte.dev/e/a11y_label_has_associated_control
275:         <div class="grid grid-cols-1 md:grid-cols-3 gap-6">
276:           <div>
277:             <label class="block text-xs font-bold text-slate-500 mb-1.5 uppercase tracking-wider">Fecha Inicio Plan.</label>
                                                                                                                                 ^
278:             <input type="date" value={proyecto.fecha_inicio_plan || ''} class="w-full px-4 py-2.5 bg-slate-50 border border-slate-200 rounded-xl focus:bg-white focus:ring-2 focus:ring-orange-500 focus:border-orange-500 outline-none transition-all text-sm font-medium text-slate-800" />
279:           </div>
10:04:15 p. m. [vite-plugin-svelte] src/routes/(app)/proyectos/gestion/[id]/+page.svelte:281:6 A form label must be associated with a control
https://svelte.dev/e/a11y_label_has_associated_control
279:           </div>
280:           <div>
281:             <label class="block text-xs font-bold text-slate-500 mb-1.5 uppercase tracking-wider">Fecha Fin Plan.</label>
                                                                                                                              ^
282:             <input type="date" value={proyecto.fecha_fin_plan || ''} class="w-full px-4 py-2.5 bg-slate-50 border border-slate-200 rounded-xl focus:bg-white focus:ring-2 focus:ring-orange-500 focus:border-orange-500 outline-none transition-all text-sm font-medium text-slate-800" />
283:           </div>
10:04:15 p. m. [vite-plugin-svelte] src/routes/(app)/proyectos/gestion/[id]/+page.svelte:285:6 A form label must be associated with a control
https://svelte.dev/e/a11y_label_has_associated_control
283:           </div>
284:           <div>
285:             <label class="block text-xs font-bold text-slate-500 mb-1.5 uppercase tracking-wider">Costo Estimado (S/)</label>
                                                                                                                                  ^
286:             <input type="number" value={proyecto.costo_estima || ''} class="w-full px-4 py-2.5 bg-slate-50 border border-slate-200 rounded-xl focus:bg-white focus:ring-2 focus:ring-orange-500 focus:border-orange-500 outline-none transition-all text-sm font-medium text-slate-800" />
287:           </div>
10:04:15 p. m. [vite-plugin-svelte] src/routes/(app)/proyectos/gestion/[id]/+page.svelte:289:6 A form label must be associated with a control
https://svelte.dev/e/a11y_label_has_associated_control
287:           </div>
288:           <div>
289:             <label class="block text-xs font-bold text-slate-500 mb-1.5 uppercase tracking-wider">Precio Venta (S/)</label>
                                                                                                                                ^
290:             <input type="number" value={proyecto.precio_venta || ''} class="w-full px-4 py-2.5 bg-slate-50 border border-slate-200 rounded-xl focus:bg-white focus:ring-2 focus:ring-orange-500 focus:border-orange-500 outline-none transition-all text-sm font-medium text-slate-800" />
291:           </div>
10:04:15 p. m. [vite-plugin-svelte] src/routes/(app)/proyectos/gestion/[id]/+page.svelte:293:6 A form label must be associated with a control
https://svelte.dev/e/a11y_label_has_associated_control
291:           </div>
292:           <div>
293:             <label class="block text-xs font-bold text-slate-500 mb-1.5 uppercase tracking-wider">Duración Semanas</label>
                                                                                                                               ^
294:             <input type="number" value={proyecto.duracion_semanas || ''} class="w-full px-4 py-2.5 bg-slate-50 border border-slate-200 rounded-xl focus:bg-white focus:ring-2 focus:ring-orange-500 focus:border-orange-500 outline-none transition-all text-sm font-medium text-slate-800" />
295:           </div>
10:04:15 p. m. [vite-plugin-svelte] src/routes/(app)/proyectos/gestion/[id]/+page.svelte:297:6 A form label must be associated with a control
https://svelte.dev/e/a11y_label_has_associated_control
295:           </div>
296:           <div>
297:             <label class="block text-xs font-bold text-slate-500 mb-1.5 uppercase tracking-wider">Área Terreno (m2)</label>
                                                                                                                                ^
298:             <input type="number" value={proyecto.area_terreno || ''} class="w-full px-4 py-2.5 bg-slate-50 border border-slate-200 rounded-xl focus:bg-white focus:ring-2 focus:ring-orange-500 focus:border-orange-500 outline-none transition-all text-sm font-medium text-slate-800" />
299:           </div>
10:04:15 p. m. [vite-plugin-svelte] src/routes/(app)/proyectos/gestion/[id]/+page.svelte:301:6 A form label must be associated with a control
https://svelte.dev/e/a11y_label_has_associated_control
299:           </div>
300:           <div>
301:             <label class="block text-xs font-bold text-slate-500 mb-1.5 uppercase tracking-wider">Área Construida (m2)</label>
                                                                                                                                   ^
302:             <input type="number" value={proyecto.area_construida || ''} class="w-full px-4 py-2.5 bg-slate-50 border border-slate-200 rounded-xl focus:bg-white focus:ring-2 focus:ring-orange-500 focus:border-orange-500 outline-none transition-all text-sm font-medium text-slate-800" />
303:           </div>
10:04:15 p. m. [vite-plugin-svelte] src/routes/(app)/proyectos/gestion/[id]/+page.svelte:309:6 A form label must be associated with a control
https://svelte.dev/e/a11y_label_has_associated_control
307:         <div class="grid grid-cols-1 md:grid-cols-2 gap-6">
308:           <div>
309:             <label class="block text-xs font-bold text-slate-500 mb-1.5 uppercase tracking-wider">Contrato URL</label>
                                                                                                                           ^
310:             <input type="text" value={proyecto.contrato || ''} class="w-full px-4 py-2.5 bg-slate-50 border border-slate-200 rounded-xl focus:bg-white focus:ring-2 focus:ring-orange-500 focus:border-orange-500 outline-none transition-all text-sm font-medium text-slate-800" />
311:           </div>
10:04:15 p. m. [vite-plugin-svelte] src/routes/(app)/proyectos/gestion/[id]/+page.svelte:313:6 A form label must be associated with a control
https://svelte.dev/e/a11y_label_has_associated_control
311:           </div>
312:           <div>
313:             <label class="block text-xs font-bold text-slate-500 mb-1.5 uppercase tracking-wider">Asesor Comercial ID</label>
                                                                                                                                  ^
314:             <input type="text" value={proyecto.asesor_comercial_id || ''} class="w-full px-4 py-2.5 bg-slate-50 border border-slate-200 rounded-xl focus:bg-white focus:ring-2 focus:ring-orange-500 focus:border-orange-500 outline-none transition-all text-sm font-medium text-slate-800" />
315:           </div>
10:04:15 p. m. [vite-plugin-svelte] src/routes/(app)/proyectos/gestion/[id]/+page.svelte:317:6 A form label must be associated with a control
https://svelte.dev/e/a11y_label_has_associated_control
315:           </div>
316:           <div>
317:             <label class="block text-xs font-bold text-slate-500 mb-1.5 uppercase tracking-wider">Comisión Asesor (%)</label>
                                                                                                                                  ^
318:             <input type="number" value={proyecto.comision_asesor || ''} class="w-full px-4 py-2.5 bg-slate-50 border border-slate-200 rounded-xl focus:bg-white focus:ring-2 focus:ring-orange-500 focus:border-orange-500 outline-none transition-all text-sm font-medium text-slate-800" />
319:           </div>
10:04:15 p. m. [vite-plugin-svelte] src/routes/(app)/proyectos/gestion/[id]/+page.svelte:321:6 A form label must be associated with a control
https://svelte.dev/e/a11y_label_has_associated_control
319:           </div>
320:           <div>
321:             <label class="block text-xs font-bold text-slate-500 mb-1.5 uppercase tracking-wider">Presupuesto Inicial</label>
                                                                                                                                  ^
322:             <input type="text" value={proyecto.id_pres_inicial ?? ''} class="w-full px-4 py-2.5 bg-slate-50 border border-slate-200 rounded-xl focus:bg-white focus:ring-2 focus:ring-orange-500 focus:border-orange-500 outline-none transition-all text-sm font-medium text-slate-800" />
323:           </div>
10:04:15 p. m. [vite-plugin-svelte] src/routes/(app)/proyectos/gestion/[id]/+page.svelte:325:6 A form label must be associated with a control
https://svelte.dev/e/a11y_label_has_associated_control
323:           </div>
324:           <div>
325:             <label class="block text-xs font-bold text-slate-500 mb-1.5 uppercase tracking-wider">Presupuesto Final</label>
                                                                                                                                ^
326:             <input type="text" value={proyecto.id_pres_final ?? ''} class="w-full px-4 py-2.5 bg-slate-50 border border-slate-200 rounded-xl focus:bg-white focus:ring-2 focus:ring-orange-500 focus:border-orange-500 outline-none transition-all text-sm font-medium text-slate-800" />
327:           </div>
10:04:15 p. m. [vite-plugin-svelte] src/routes/(app)/proyectos/gestion/[id]/+page.svelte:329:6 A form label must be associated with a control
https://svelte.dev/e/a11y_label_has_associated_control
327:           </div>
328:           <div class="md:col-span-2">
329:             <label class="block text-xs font-bold text-slate-500 mb-1.5 uppercase tracking-wider">Usuario Registro</label>
                                                                                                                               ^
330:             <input type="text" value={proyecto.usuario_registro || ''} class="w-full px-4 py-2.5 bg-slate-50 border border-slate-200 rounded-xl focus:bg-white focus:ring-2 focus:ring-orange-500 focus:border-orange-500 outline-none transition-all text-sm font-medium text-slate-800" />
331:           </div>
10:04:15 p. m. [vite-plugin-svelte] src/routes/(app)/proyectos/gestion/[id]/+page.svelte:337:6 A form label must be associated with a control
https://svelte.dev/e/a11y_label_has_associated_control
335:         <div class="grid grid-cols-1 md:grid-cols-3 gap-6">
336:           <div>
337:             <label class="block text-xs font-bold text-slate-500 mb-1.5 uppercase tracking-wider">Estado Proyecto</label>
                                                                                                                              ^
338:             <input type="text" value={proyecto.estado_proyecto || ''} class="w-full px-4 py-2.5 bg-slate-50 border border-slate-200 rounded-xl focus:bg-white focus:ring-2 focus:ring-orange-500 focus:border-orange-500 outline-none transition-all text-sm font-medium text-slate-800" />
339:           </div>
10:04:15 p. m. [vite-plugin-svelte] src/routes/(app)/proyectos/gestion/[id]/+page.svelte:341:6 A form label must be associated with a control
https://svelte.dev/e/a11y_label_has_associated_control
339:           </div>
340:           <div>
341:             <label class="block text-xs font-bold text-slate-500 mb-1.5 uppercase tracking-wider">Creado</label>
                                                                                                                     ^
342:             <input type="text" value={proyecto.created_at || ''} disabled class="w-full px-4 py-2.5 bg-slate-100 border border-slate-200 rounded-xl text-slate-500 text-sm" />
343:           </div>
10:04:15 p. m. [vite-plugin-svelte] src/routes/(app)/proyectos/gestion/[id]/+page.svelte:345:6 A form label must be associated with a control
https://svelte.dev/e/a11y_label_has_associated_control
343:           </div>
344:           <div>
345:             <label class="block text-xs font-bold text-slate-500 mb-1.5 uppercase tracking-wider">Actualizado</label>
                                                                                                                          ^
346:             <input type="text" value={proyecto.updated_at || ''} disabled class="w-full px-4 py-2.5 bg-slate-100 border border-slate-200 rounded-xl text-slate-500 text-sm" />
347:           </div>
10:04:15 p. m. [vite-plugin-svelte] src/routes/(app)/proyectos/gestion/[id]/+page.svelte:391:9 Buttons and links should either contain text or have an `aria-label`, `aria-labelledby` or `title` attribute
https://svelte.dev/e/a11y_consider_explicit_label
389:                 <td class="p-4 text-right font-bold text-slate-700">376.25</td>
390:                 <td class="p-4 text-center">
391:                   <button class="w-8 h-8 rounded bg-white border border-slate-200 hover:border-rose-300 hover:bg-rose-50 hover:text-rose-600 text-slate-400 transition-colors shadow-sm">
                                ^
392:                     <i class="fas fa-trash-alt text-xs"></i>
393:                   </button>
10:04:15 p. m. [vite-plugin-svelte] src/routes/(app)/proyectos/gestion/[id]/+page.svelte:408:9 Buttons and links should either contain text or have an `aria-label`, `aria-labelledby` or `title` attribute
https://svelte.dev/e/a11y_consider_explicit_label
406:                 <td class="p-4 text-right font-bold text-slate-700">2,034.00</td>
407:                 <td class="p-4 text-center">
408:                   <button class="w-8 h-8 rounded bg-white border border-slate-200 hover:border-rose-300 hover:bg-rose-50 hover:text-rose-600 text-slate-400 transition-colors shadow-sm">
                                ^
409:                     <i class="fas fa-trash-alt text-xs"></i>
410:                   </button>
10:04:15 p. m. [vite-plugin-svelte] src/routes/(app)/iam/empleados/+page.svelte:524:4 Buttons and links should either contain text or have an `aria-label`, `aria-labelledby` or `title` attribute
https://svelte.dev/e/a11y_consider_explicit_label
522:           <h3 class="font-bold text-slate-800 text-base">{editingEmpleadoId ? 'Editar Empleado' : 'Registrar Nuevo Empleado'}</h3>
523:         </div>
524:         <button onclick={() => { isModalOpen = false; resetForm(); }} class="text-slate-400 hover:text-slate-600 text-lg p-1">
                      ^
525:           <i class="fas fa-times"></i>
526:         </button>
10:04:15 p. m. [vite-plugin-svelte] src/routes/(app)/iam/empleados/+page.svelte:549:7 A form label must be associated with a control
https://svelte.dev/e/a11y_label_has_associated_control
547:           <div class="grid grid-cols-1 sm:grid-cols-2 gap-4">
548:             <div>
549:               <label class="block text-xs font-semibold text-slate-600 mb-1">Nombre Completo *</label>
                                                                                                           ^
550:               <input type="text" bind:value={nuevoNombre} oninput={onInputChange} placeholder="Nombre y Apellidos" required class="w-full px-3 py-2 bg-slate-50 border border-slate-200 rounded-xl focus:ring-2 focus:ring-blue-500 focus:border-blue-500 focus:bg-white outline-none transition-all text-sm" />
551:             </div>
10:04:15 p. m. [vite-plugin-svelte] src/routes/(app)/iam/empleados/+page.svelte:553:7 A form label must be associated with a control
https://svelte.dev/e/a11y_label_has_associated_control
551:             </div>
552:             <div>
553:               <label class="block text-xs font-semibold text-slate-600 mb-1">Teléfono</label>
                                                                                                  ^
554:               <input type="text" bind:value={nuevoTelefono} oninput={onInputChange} placeholder="987654321" class="w-full px-3 py-2 bg-slate-50 border border-slate-200 rounded-xl focus:ring-2 focus:ring-blue-500 focus:border-blue-500 focus:bg-white outline-none transition-all text-sm" />
555:             </div>
10:04:15 p. m. [vite-plugin-svelte] src/routes/(app)/iam/empleados/+page.svelte:558:6 A form label must be associated with a control
https://svelte.dev/e/a11y_label_has_associated_control
556:           </div>
557:           <div class="mt-4">
558:             <label class="block text-xs font-semibold text-slate-600 mb-1">
                         ^
559:               Correo Electronico * 
560:               {#if editingEmpleadoId}
10:04:15 p. m. [vite-plugin-svelte] src/routes/(app)/iam/empleados/+page.svelte:578:7 A form label must be associated with a control
https://svelte.dev/e/a11y_label_has_associated_control
576:           <div class="grid grid-cols-1 sm:grid-cols-2 gap-4">
577:             <div>
578:               <label class="block text-xs font-semibold text-slate-600 mb-1">Rol de Acceso</label>
                                                                                                       ^
579:               <select bind:value={nuevoRolId} onchange={onInputChange} class="w-full px-3 py-2 bg-slate-50 border border-slate-200 rounded-xl focus:ring-2 focus:ring-blue-500 focus:border-blue-500 focus:bg-white outline-none transition-all text-sm">
580:                 <option value={null}>Sin Rol / Acceso Restringido</option>
10:04:15 p. m. [vite-plugin-svelte] src/routes/(app)/iam/empleados/+page.svelte:587:7 A form label must be associated with a control
https://svelte.dev/e/a11y_label_has_associated_control
585:             </div>
586:             <div>
587:               <label class="block text-xs font-semibold text-slate-600 mb-1">Área / Departamento</label>
                                                                                                             ^
588:               <select bind:value={nuevoAreaId} onchange={onInputChange} class="w-full px-3 py-2 bg-slate-50 border border-slate-200 rounded-xl focus:ring-2 focus:ring-blue-500 focus:border-blue-500 focus:bg-white outline-none transition-all text-sm">
589:                 <option value={null}>Sin Área Asignada</option>
10:04:15 p. m. [vite-plugin-svelte] src/routes/(app)/iam/empleados/+page.svelte:603:7 A form label must be associated with a control
https://svelte.dev/e/a11y_label_has_associated_control
601:           <div class="grid grid-cols-1 sm:grid-cols-2 gap-4">
602:             <div>
603:               <label class="block text-xs font-semibold text-slate-600 mb-1">Fecha de Ingreso *</label>
                                                                                                            ^
604:               <input type="date" bind:value={nuevaFechaIngreso} onchange={onInputChange} required class="w-full px-3 py-2 bg-slate-50 border border-slate-200 rounded-xl focus:ring-2 focus:ring-blue-500 focus:border-blue-500 focus:bg-white outline-none transition-all text-sm" />
605:             </div>
10:04:15 p. m. [vite-plugin-svelte] src/routes/(app)/iam/empleados/+page.svelte:607:7 A form label must be associated with a control
https://svelte.dev/e/a11y_label_has_associated_control
605:             </div>
606:             <div>
607:               <label class="block text-xs font-semibold text-slate-600 mb-1">Nivel Laboral</label>
                                                                                                       ^
608:               <input type="text" bind:value={nuevoNivel} oninput={onInputChange} placeholder="Junior, Senior, Practicante..." class="w-full px-3 py-2 bg-slate-50 border border-slate-200 rounded-xl focus:ring-2 focus:ring-blue-500 focus:border-blue-500 focus:bg-white outline-none transition-all text-sm" />
609:             </div>
10:04:15 p. m. [vite-plugin-svelte] src/lib/components/comercial/clientes/ClienteModal.svelte:105:4 Buttons and links should either contain text or have an `aria-label`, `aria-labelledby` or `title` attribute
https://svelte.dev/e/a11y_consider_explicit_label
103:           {clienteEdit ? 'Editar Cliente' : 'Nuevo Cliente'}
104:         </h2>
105:         <button on:click={onClose} disabled={isSaving} class="text-slate-400 hover:text-slate-600 transition-colors p-2 rounded-full hover:bg-slate-100 disabled:opacity-50">
                      ^
106:           <i class="fas fa-times text-lg"></i>
107:         </button>
10:04:15 p. m. [vite-plugin-svelte] src/lib/components/comercial/clientes/ClienteModal.svelte:105:12 Using `on:click` to listen to the click event is deprecated. Use the event attribute `onclick` instead
https://svelte.dev/e/event_directive_deprecated
103:           {clienteEdit ? 'Editar Cliente' : 'Nuevo Cliente'}
104:         </h2>
105:         <button on:click={onClose} disabled={isSaving} class="text-slate-400 hover:text-slate-600 transition-colors p-2 rounded-full hover:bg-slate-100 disabled:opacity-50">
                                       ^
106:           <i class="fas fa-times text-lg"></i>
107:         </button>
10:04:15 p. m. [vite-plugin-svelte] src/lib/components/comercial/clientes/ClienteModal.svelte:123:7 A form label must be associated with a control
https://svelte.dev/e/a11y_label_has_associated_control
121:           <div class="grid grid-cols-1 md:grid-cols-2 gap-4">
122:             <div class="flex flex-col gap-1 md:col-span-1">
123:               <label class="text-xs font-semibold text-slate-600">Tipo de Persona *</label>
                                                                                                ^
124:               <select bind:value={tipPersona} disabled={isSaving} class="px-3 py-2.5 bg-slate-50 border border-slate-200 rounded-lg text-sm focus:ring-2 focus:ring-blue-500 outline-none transition-all">
125:                 <option value="J">Jurídica (Empresa)</option>
10:04:15 p. m. [vite-plugin-svelte] src/lib/components/comercial/clientes/ClienteModal.svelte:131:7 A form label must be associated with a control
https://svelte.dev/e/a11y_label_has_associated_control
129: 
130:             <div class="flex flex-col gap-1 md:col-span-1">
131:               <label class="text-xs font-semibold text-slate-600">Tipo de Documento *</label>
                                                                                                  ^
132:               <select bind:value={tipoDoc} disabled={isSaving} class="px-3 py-2.5 bg-slate-50 border border-slate-200 rounded-lg text-sm focus:ring-2 focus:ring-blue-500 outline-none transition-all">
133:                 <option value="RUC">RUC</option>
10:04:15 p. m. [vite-plugin-svelte] src/lib/components/comercial/clientes/ClienteModal.svelte:140:7 A form label must be associated with a control
https://svelte.dev/e/a11y_label_has_associated_control
138: 
139:             <div class="flex flex-col gap-1 md:col-span-2">
140:               <label class="text-xs font-semibold text-slate-600">{tipPersona === 'J' ? 'Razón Social' : 'Nombre Completo'} *</label>
                                                                                                                                          ^
141:               <input type="text" bind:value={nombre} disabled={isSaving} placeholder={tipPersona === 'J' ? "Ej. Constructora ABC S.A.C." : "Ej. Juan Pérez"} class="px-3 py-2.5 bg-slate-50 border border-slate-200 rounded-lg text-sm focus:ring-2 focus:ring-blue-500 outline-none transition-all">
142:             </div>
10:04:15 p. m. [vite-plugin-svelte] src/lib/components/comercial/clientes/ClienteModal.svelte:145:7 A form label must be associated with a control
https://svelte.dev/e/a11y_label_has_associated_control
143: 
144:             <div class="flex flex-col gap-1 md:col-span-2">
145:               <label class="text-xs font-semibold text-slate-600">Nº de Documento ({tipoDoc}) *</label>
                                                                                                            ^
146:               <input type="text" bind:value={numDocumento} disabled={isSaving} placeholder="Ej. 20123456789" class="px-3 py-2.5 bg-slate-50 border border-slate-200 rounded-lg text-sm focus:ring-2 focus:ring-blue-500 outline-none transition-all">
147:             </div>
10:04:15 p. m. [vite-plugin-svelte] src/lib/components/comercial/clientes/ClienteModal.svelte:150:7 A form label must be associated with a control
https://svelte.dev/e/a11y_label_has_associated_control
148: 
149:             <div class="flex flex-col gap-1 md:col-span-2">
150:               <label class="text-xs font-semibold text-slate-600">Dirección</label>
                                                                                        ^
151:               <input type="text" bind:value={direccion} disabled={isSaving} placeholder="Ej. Av. Javier Prado 123, San Isidro" class="px-3 py-2.5 bg-slate-50 border border-slate-200 rounded-lg text-sm focus:ring-2 focus:ring-blue-500 outline-none transition-all">
152:             </div>
10:04:15 p. m. [vite-plugin-svelte] src/lib/components/comercial/clientes/ClienteModal.svelte:155:7 A form label must be associated with a control
https://svelte.dev/e/a11y_label_has_associated_control
153: 
154:             <div class="flex flex-col gap-1 md:col-span-1">
155:               <label class="text-xs font-semibold text-slate-600">Teléfono</label>
                                                                                       ^
156:               <input type="text" bind:value={telefono} disabled={isSaving} placeholder="Ej. 987654321" class="px-3 py-2.5 bg-slate-50 border border-slate-200 rounded-lg text-sm focus:ring-2 focus:ring-blue-500 outline-none transition-all">
157:             </div>
10:04:15 p. m. [vite-plugin-svelte] src/lib/components/comercial/clientes/ClienteModal.svelte:160:7 A form label must be associated with a control
https://svelte.dev/e/a11y_label_has_associated_control
158: 
159:             <div class="flex flex-col gap-1 md:col-span-1">
160:               <label class="text-xs font-semibold text-slate-600">Correo Electrónico</label>
                                                                                                 ^
161:               <input type="email" bind:value={email} disabled={isSaving} placeholder="Ej. contacto@empresa.com" class="px-3 py-2.5 bg-slate-50 border border-slate-200 rounded-lg text-sm focus:ring-2 focus:ring-blue-500 outline-none transition-all">
162:             </div>
10:04:15 p. m. [vite-plugin-svelte] src/lib/components/comercial/clientes/ClienteModal.svelte:170:12 Using `on:click` to listen to the click event is deprecated. Use the event attribute `onclick` instead
https://svelte.dev/e/event_directive_deprecated
168:       <!-- Footer -->
169:       <div class="p-6 border-t border-slate-100 bg-slate-50 rounded-b-2xl flex justify-end gap-3">
170:         <button on:click={onClose} disabled={isSaving} class="px-5 py-2.5 bg-white border border-slate-200 text-slate-600 rounded-xl hover:bg-slate-50 hover:text-slate-800 font-medium text-sm transition-colors shadow-sm disabled:opacity-50">
                                       ^
171:           Cancelar
172:         </button>
10:04:15 p. m. [vite-plugin-svelte] src/lib/components/comercial/clientes/ClienteModal.svelte:173:12 Using `on:click` to listen to the click event is deprecated. Use the event attribute `onclick` instead
https://svelte.dev/e/event_directive_deprecated
171:           Cancelar
172:         </button>
173:         <button on:click={handleGuardar} disabled={isSaving} class="px-6 py-2.5 bg-blue-600 text-white rounded-xl hover:bg-blue-700 font-medium text-sm shadow-md shadow-blue-600/20 active:scale-[0.98] transition-all flex items-center gap-2 disabled:opacity-50 disabled:active:scale-100">
                                             ^
174:           {#if isSaving}
175:             <i class="fas fa-spinner fa-spin"></i> Guardando...
10:04:15 p. m. [vite-plugin-svelte] src/lib/components/comercial/proveedores/ProveedorModal.svelte:101:4 Buttons and links should either contain text or have an `aria-label`, `aria-labelledby` or `title` attribute
https://svelte.dev/e/a11y_consider_explicit_label
 99:           {proveedorEdit ? 'Editar Proveedor' : 'Nuevo Proveedor'}
100:         </h2>
101:         <button onclick={onClose} disabled={isSaving} class="text-slate-400 hover:text-slate-600 transition-colors p-2 rounded-full hover:bg-slate-100 disabled:opacity-50">
                      ^
102:           <i class="fas fa-times text-lg"></i>
103:         </button>
10:04:15 p. m. [vite-plugin-svelte] src/lib/components/comercial/proveedores/ProveedorModal.svelte:119:7 A form label must be associated with a control
https://svelte.dev/e/a11y_label_has_associated_control
117:           <div class="grid grid-cols-1 md:grid-cols-2 gap-4">
118:             <div class="flex flex-col gap-1 md:col-span-2">
119:               <label class="text-xs font-semibold text-slate-600">Razón Social *</label>
                                                                                             ^
120:               <input type="text" bind:value={razonSocial} disabled={isSaving} placeholder="Ej. Corporación ABC S.A.C." class="px-3 py-2.5 bg-slate-50 border border-slate-200 rounded-lg text-sm focus:ring-2 focus:ring-blue-500 outline-none transition-all">
121:             </div>
10:04:15 p. m. [vite-plugin-svelte] src/lib/components/comercial/proveedores/ProveedorModal.svelte:124:7 A form label must be associated with a control
https://svelte.dev/e/a11y_label_has_associated_control
122: 
123:             <div class="flex flex-col gap-1 md:col-span-1">
124:               <label class="text-xs font-semibold text-slate-600">RUC *</label>
                                                                                    ^
125:               <input type="text" bind:value={ruc} disabled={isSaving} placeholder="Ej. 20123456789" class="px-3 py-2.5 bg-slate-50 border border-slate-200 rounded-lg text-sm focus:ring-2 focus:ring-blue-500 outline-none transition-all">
126:             </div>
10:04:15 p. m. [vite-plugin-svelte] src/lib/components/comercial/proveedores/ProveedorModal.svelte:129:7 A form label must be associated with a control
https://svelte.dev/e/a11y_label_has_associated_control
127:             
128:             <div class="flex flex-col gap-1 md:col-span-1">
129:               <label class="text-xs font-semibold text-slate-600">Vendedor Asignado (Nosotros)</label>
                                                                                                           ^
130:               <input type="text" bind:value={vendedor} disabled={isSaving} placeholder="Ej. Juan Pérez" class="px-3 py-2.5 bg-slate-50 border border-slate-200 rounded-lg text-sm focus:ring-2 focus:ring-blue-500 outline-none transition-all">
131:             </div>
10:04:15 p. m. [vite-plugin-svelte] src/lib/components/comercial/proveedores/ProveedorModal.svelte:141:7 A form label must be associated with a control
https://svelte.dev/e/a11y_label_has_associated_control
139: 
140:             <div class="flex flex-col gap-1 md:col-span-2">
141:               <label class="text-xs font-semibold text-slate-600">Nombre del Contacto</label>
                                                                                                  ^
142:               <input type="text" bind:value={contacto} disabled={isSaving} placeholder="Ej. Ana García" class="px-3 py-2.5 bg-slate-50 border border-slate-200 rounded-lg text-sm focus:ring-2 focus:ring-blue-500 outline-none transition-all">
143:             </div>
10:04:15 p. m. [vite-plugin-svelte] src/lib/components/comercial/proveedores/ProveedorModal.svelte:146:7 A form label must be associated with a control
https://svelte.dev/e/a11y_label_has_associated_control
144: 
145:             <div class="flex flex-col gap-1 md:col-span-1">
146:               <label class="text-xs font-semibold text-slate-600">Teléfono</label>
                                                                                       ^
147:               <input type="text" bind:value={telefono} disabled={isSaving} placeholder="Ej. 987654321" class="px-3 py-2.5 bg-slate-50 border border-slate-200 rounded-lg text-sm focus:ring-2 focus:ring-blue-500 outline-none transition-all">
148:             </div>
10:04:15 p. m. [vite-plugin-svelte] src/lib/components/comercial/proveedores/ProveedorModal.svelte:151:7 A form label must be associated with a control
https://svelte.dev/e/a11y_label_has_associated_control
149: 
150:             <div class="flex flex-col gap-1 md:col-span-1">
151:               <label class="text-xs font-semibold text-slate-600">Correo Electrónico</label>
                                                                                                 ^
152:               <input type="email" bind:value={email} disabled={isSaving} placeholder="Ej. ventas@empresa.com" class="px-3 py-2.5 bg-slate-50 border border-slate-200 rounded-lg text-sm focus:ring-2 focus:ring-blue-500 outline-none transition-all">
153:             </div>
10:04:15 p. m. [vite-plugin-svelte] src/lib/components/comercial/ventas/NuevaVentaModal.svelte:429:12 Using `on:click` to listen to the click event is deprecated. Use the event attribute `onclick` instead
https://svelte.dev/e/event_directive_deprecated
427:       <div class="flex items-center justify-between p-6 border-b border-slate-100 sticky top-0 bg-white rounded-t-2xl z-10">
428:         <h2 class="text-xl font-bold text-slate-800">Nueva venta</h2>
429:         <button on:click={onClose} aria-label="Cerrar modal" class="text-slate-400 hover:text-slate-600 transition-colors p-2 rounded-full hover:bg-slate-100">
                                       ^
430:           <i class="fas fa-times text-lg"></i>
431:         </button>
10:04:15 p. m. [vite-plugin-svelte] src/lib/components/comercial/ventas/NuevaVentaModal.svelte:446:8 A form label must be associated with a control
https://svelte.dev/e/a11y_label_has_associated_control
444:             <div class="grid grid-cols-1 md:grid-cols-4 gap-4">
445:               <div class="flex flex-col gap-1 md:col-span-1">
446:                 <label class="text-xs font-semibold text-slate-600">Proyecto *</label>
                                                                                           ^
447:                 <input type="text" bind:value={proyectoNombre} placeholder="Nombre del proyecto" class="px-3 py-2 bg-slate-50 border border-slate-200 rounded-lg text-sm focus:ring-2 focus:ring-blue-500 outline-none transition-all">
448:               </div>
10:04:15 p. m. [vite-plugin-svelte] src/lib/components/comercial/ventas/NuevaVentaModal.svelte:450:8 A form label must be associated with a control
https://svelte.dev/e/a11y_label_has_associated_control
448:               </div>
449:               <div class="flex flex-col gap-1 md:col-span-1">
450:                 <label class="text-xs font-semibold text-slate-600">Código de proyecto</label>
                                                                                                   ^
451:                 <input type="text" readonly value={codigoGenerado} class="px-3 py-2 bg-slate-100 border border-slate-200 text-slate-500 rounded-lg text-sm outline-none cursor-not-allowed">
452:                 <span class="text-[10px] text-slate-400 mt-0.5">Se generará automáticamente</span>
10:04:15 p. m. [vite-plugin-svelte] src/lib/components/comercial/ventas/NuevaVentaModal.svelte:455:8 A form label must be associated with a control
https://svelte.dev/e/a11y_label_has_associated_control
453:               </div>
454:               <div class="flex flex-col gap-1 md:col-span-1">
455:                 <label class="text-xs font-semibold text-slate-600">Fecha de venta *</label>
                                                                                                 ^
456:                 <input type="date" bind:value={fechaVenta} class="px-3 py-2 bg-slate-50 border border-slate-200 rounded-lg text-sm focus:ring-2 focus:ring-blue-500 outline-none transition-all text-slate-700">
457:               </div>
10:04:15 p. m. [vite-plugin-svelte] src/lib/components/comercial/ventas/NuevaVentaModal.svelte:459:8 A form label must be associated with a control
https://svelte.dev/e/a11y_label_has_associated_control
457:               </div>
458:               <div class="flex flex-col gap-1 md:col-span-1">
459:                 <label class="text-xs font-semibold text-slate-600">Asesor *</label>
                                                                                         ^
460:                 <input type="text" readonly value={asesor || 'Cargando asesor...'} class="px-3 py-2 bg-slate-50 border border-slate-200 rounded-lg text-sm outline-none text-slate-700">
461:                 <span class="text-[10px] text-slate-400 mt-0.5">Se asigna automáticamente con el usuario activo</span>
10:04:15 p. m. [vite-plugin-svelte] src/lib/components/comercial/ventas/NuevaVentaModal.svelte:464:8 A form label must be associated with a control
https://svelte.dev/e/a11y_label_has_associated_control
462:               </div>
463:               <div class="flex flex-col gap-1 md:col-span-1">
464:                 <label class="text-xs font-semibold text-slate-600">Cliente *</label>
                                                                                          ^
465:                 <select bind:value={selectedClienteId} class="px-3 py-2 bg-slate-50 border border-slate-200 rounded-lg text-sm focus:ring-2 focus:ring-blue-500 outline-none transition-all appearance-none text-slate-700">
466:                   <option value="">-- Selecciona cliente --</option>
10:04:15 p. m. [vite-plugin-svelte] src/lib/components/comercial/ventas/NuevaVentaModal.svelte:477:8 A form label must be associated with a control
https://svelte.dev/e/a11y_label_has_associated_control
475:               </div>
476:               <div class="flex flex-col gap-1 md:col-span-1">
477:                 <label class="text-xs font-semibold text-slate-600">Valor venta (S/) *</label>
                                                                                                   ^
478:                 <input type="text" bind:value={valorVenta} class="px-3 py-2 bg-slate-50 border border-slate-200 rounded-lg text-sm focus:ring-2 focus:ring-blue-500 outline-none transition-all text-slate-700">
479:               </div>
10:04:15 p. m. [vite-plugin-svelte] src/lib/components/comercial/ventas/NuevaVentaModal.svelte:482:9 A form label must be associated with a control
https://svelte.dev/e/a11y_label_has_associated_control
480:               <div class="flex flex-col gap-1 md:col-span-1 grid grid-cols-2 gap-2">
481:                 <div class="flex flex-col gap-1">
482:                   <label class="text-xs font-semibold text-slate-600">Comisión (%) *</label>
                                                                                                 ^
483:                   <input type="number" bind:value={comisionPorcentaje} class="px-3 py-2 bg-slate-50 border border-slate-200 rounded-lg text-sm focus:ring-2 focus:ring-blue-500 outline-none transition-all text-slate-700">
484:                 </div>
10:04:15 p. m. [vite-plugin-svelte] src/lib/components/comercial/ventas/NuevaVentaModal.svelte:486:9 A form label must be associated with a control
https://svelte.dev/e/a11y_label_has_associated_control
484:                 </div>
485:                 <div class="flex flex-col gap-1">
486:                   <label class="text-xs font-semibold text-slate-600">Comisión (S/)</label>
                                                                                                ^
487:                   <input type="text" readonly bind:value={comisionMonto} class="px-3 py-2 bg-slate-100 border border-slate-200 text-slate-500 rounded-lg text-sm outline-none cursor-not-allowed">
488:                 </div>
10:04:15 p. m. [vite-plugin-svelte] src/lib/components/comercial/ventas/NuevaVentaModal.svelte:492:9 A form label must be associated with a control
https://svelte.dev/e/a11y_label_has_associated_control
490:               <div class="flex flex-col gap-1 md:col-span-1 grid grid-cols-2 gap-2">
491:                 <div class="flex flex-col gap-1">
492:                   <label class="text-xs font-semibold text-slate-600">Proforma</label>
                                                                                           ^
493:                   <label class="cursor-pointer px-3 py-2 border border-slate-200 rounded-lg text-sm text-slate-600 hover:bg-slate-50 flex items-center justify-center gap-2 transition-colors">
494:                     <i class="fas fa-file-pdf text-rose-500"></i>
10:04:15 p. m. [vite-plugin-svelte] src/lib/components/comercial/ventas/NuevaVentaModal.svelte:495:54 Using `on:change` to listen to the change event is deprecated. Use the event attribute `onchange` instead
https://svelte.dev/e/event_directive_deprecated
493:                   <label class="cursor-pointer px-3 py-2 border border-slate-200 rounded-lg text-sm text-slate-600 hover:bg-slate-50 flex items-center justify-center gap-2 transition-colors">
494:                     <i class="fas fa-file-pdf text-rose-500"></i>
495:                     <input type="file" accept="application/pdf" on:change={(event) => proformaFile = event.currentTarget.files?.[0] ?? null} class="hidden" />
                                                                                                                                                 ^
496:                     {#if proformaFile}
497:                       <span class="text-xs text-slate-500 truncate max-w-[120px]">{proformaFile.name}</span>
10:04:15 p. m. [vite-plugin-svelte] src/lib/components/comercial/ventas/NuevaVentaModal.svelte:504:9 A form label must be associated with a control
https://svelte.dev/e/a11y_label_has_associated_control
502:                 </div>
503:                 <div class="flex flex-col gap-1">
504:                   <label class="text-xs font-semibold text-slate-600">Contrato</label>
                                                                                           ^
505:                   <label class="cursor-pointer px-3 py-2 border border-slate-200 rounded-lg text-sm text-slate-600 hover:bg-slate-50 flex items-center justify-center gap-2 transition-colors">
506:                     <i class="fas fa-file-pdf text-rose-500"></i>
10:04:15 p. m. [vite-plugin-svelte] src/lib/components/comercial/ventas/NuevaVentaModal.svelte:507:54 Using `on:change` to listen to the change event is deprecated. Use the event attribute `onchange` instead
https://svelte.dev/e/event_directive_deprecated
505:                   <label class="cursor-pointer px-3 py-2 border border-slate-200 rounded-lg text-sm text-slate-600 hover:bg-slate-50 flex items-center justify-center gap-2 transition-colors">
506:                     <i class="fas fa-file-pdf text-rose-500"></i>
507:                     <input type="file" accept="application/pdf" on:change={(event) => contratoFile = event.currentTarget.files?.[0] ?? null} class="hidden" />
                                                                                                                                                 ^
508:                     {#if contratoFile}
509:                       <span class="text-xs text-slate-500 truncate max-w-[120px]">{contratoFile.name}</span>
10:04:15 p. m. [vite-plugin-svelte] src/lib/components/comercial/ventas/NuevaVentaModal.svelte:527:8 A form label must be associated with a control
https://svelte.dev/e/a11y_label_has_associated_control
525:             <div class="grid grid-cols-1 md:grid-cols-4 gap-4 mb-6">
526:               <div class="flex flex-col gap-1">
527:                 <label class="text-xs font-semibold text-slate-600">Tipo de proyecto *</label>
                                                                                                   ^
528:                 <select bind:value={tipoProyecto} class="px-3 py-2 bg-slate-50 border border-slate-200 rounded-lg text-sm focus:ring-2 focus:ring-blue-500 outline-none transition-all">
529:                   <option value="O">Proyecto de Obra (O)</option>
10:04:15 p. m. [vite-plugin-svelte] src/lib/components/comercial/ventas/NuevaVentaModal.svelte:534:8 A form label must be associated with a control
https://svelte.dev/e/a11y_label_has_associated_control
532:               </div>
533:               <div class="flex flex-col gap-1">
534:                 <label class="text-xs font-semibold text-slate-600">Estado del predio *</label>
                                                                                                    ^
535:                 <select bind:value={estadoPredio} class="px-3 py-2 bg-slate-50 border border-slate-200 rounded-lg text-sm focus:ring-2 focus:ring-blue-500 outline-none transition-all">
536:                   <option value="A">Ampliación (A)</option>
10:04:15 p. m. [vite-plugin-svelte] src/lib/components/comercial/ventas/NuevaVentaModal.svelte:541:8 A form label must be associated with a control
https://svelte.dev/e/a11y_label_has_associated_control
539:               </div>
540:               <div class="flex flex-col gap-1">
541:                 <label class="text-xs font-semibold text-slate-600">Tipo de edificación *</label>
                                                                                                      ^
542:                 <select bind:value={tipoEdificacion} class="px-3 py-2 bg-slate-50 border border-slate-200 rounded-lg text-sm focus:ring-2 focus:ring-blue-500 outline-none transition-all">
543:                   <option value="M">Viv. Multifamiliar (M)</option>
10:04:15 p. m. [vite-plugin-svelte] src/lib/components/comercial/ventas/NuevaVentaModal.svelte:549:8 A form label must be associated with a control
https://svelte.dev/e/a11y_label_has_associated_control
547:               </div>
548:               <div class="flex flex-col gap-1">
549:                 <label class="text-xs font-semibold text-slate-600">Número de pisos *</label>
                                                                                                  ^
550:                 <input type="number" bind:value={numeroPisos} class="px-3 py-2 bg-slate-50 border border-slate-200 rounded-lg text-sm focus:ring-2 focus:ring-blue-500 outline-none transition-all">
551:               </div>
10:04:15 p. m. [vite-plugin-svelte] src/lib/components/comercial/ventas/NuevaVentaModal.svelte:554:8 A form label must be associated with a control
https://svelte.dev/e/a11y_label_has_associated_control
552: 
553:               <div class="flex flex-col gap-1">
554:                 <label class="text-xs font-semibold text-slate-600">Distrito *</label>
                                                                                           ^
555:                 <select bind:value={distrito} class="px-3 py-2 bg-slate-50 border border-slate-200 rounded-lg text-sm focus:ring-2 focus:ring-blue-500 outline-none transition-all">
556:                   <option value="ATE Salamanca">Ate</option>
10:04:15 p. m. [vite-plugin-svelte] src/lib/components/comercial/ventas/NuevaVentaModal.svelte:625:9 Buttons and links should either contain text or have an `aria-label`, `aria-labelledby` or `title` attribute
https://svelte.dev/e/a11y_consider_explicit_label
623:                 <div class="bg-blue-50 text-blue-700 px-4 py-1.5 rounded text-sm font-bold tracking-wide flex-1 md:flex-none flex items-center justify-between">
624:                   {codigoGenerado}
625:                   <button class="ml-4 text-blue-400 hover:text-blue-600"><i class="far fa-copy"></i></button>
                                                                                                                  ^
626:                 </div>
627:               </div>
10:04:15 p. m. [vite-plugin-svelte] src/lib/components/comercial/ventas/NuevaVentaModal.svelte:649:12 Using `on:click` to listen to the click event is deprecated. Use the event attribute `onclick` instead
https://svelte.dev/e/event_directive_deprecated
647:       <!-- Footer -->
648:       <div class="p-6 border-t border-slate-100 bg-slate-50 rounded-b-2xl flex justify-end gap-3">
649:         <button on:click={onClose} class="px-5 py-2.5 bg-white border border-slate-200 text-slate-600 rounded-xl hover:bg-slate-50 hover:text-slate-800 font-medium text-sm transition-colors shadow-sm">
                                       ^
650:           Cancelar
651:         </button>
10:04:15 p. m. [vite-plugin-svelte] src/lib/components/comercial/ventas/NuevaVentaModal.svelte:652:12 Using `on:click` to listen to the click event is deprecated. Use the event attribute `onclick` instead
https://svelte.dev/e/event_directive_deprecated
650:           Cancelar
651:         </button>
652:         <button on:click={() => !isSaving && handleGuardar()} disabled={isSaving} aria-busy={isSaving} class="px-6 py-2.5 bg-blue-600 text-white rounded-xl font-medium text-sm shadow-md shadow-blue-600/20 active:scale-[0.98] transition-all flex items-center gap-2 disabled:opacity-60 disabled:cursor-not-allowed">
                                                                  ^
653:           {#if isSaving}
654:             <i class="fas fa-spinner fa-spin"></i> Guardando...
10:04:15 p. m. [vite-plugin-svelte] src/lib/components/comercial/ventas/VentasTable.svelte:91:3 A form label must be associated with a control
https://svelte.dev/e/a11y_label_has_associated_control
89:   <div class="p-4 border-b border-slate-100 flex flex-wrap items-center gap-4">
90:     <div class="flex flex-col gap-1 min-w-[140px] flex-1 md:flex-none">
91:       <label class="text-[10px] font-bold text-slate-500 uppercase tracking-wide">Proyecto</label>
                                                                                                      ^
92:       <select bind:value={filtroProyecto} class="text-sm px-3 py-2 bg-slate-50 border border-slate-200 rounded-lg outline-none focus:ring-2 focus:ring-blue-500 text-slate-700">
93:         <option value="Todos">Todos los proyectos</option>
10:04:15 p. m. [vite-plugin-svelte] src/lib/components/comercial/ventas/VentasTable.svelte:100:3 A form label must be associated with a control
https://svelte.dev/e/a11y_label_has_associated_control
 98:     </div>
 99:     <div class="flex flex-col gap-1 min-w-[120px] flex-1 md:flex-none">
100:       <label class="text-[10px] font-bold text-slate-500 uppercase tracking-wide">Tipo proyecto</label>
                                                                                                            ^
101:       <select bind:value={filtroTipo} class="text-sm px-3 py-2 bg-slate-50 border border-slate-200 rounded-lg outline-none focus:ring-2 focus:ring-blue-500 text-slate-700">
102:         <option value="Todos">Todos</option>
10:04:15 p. m. [vite-plugin-svelte] src/lib/components/comercial/ventas/VentasTable.svelte:109:3 A form label must be associated with a control
https://svelte.dev/e/a11y_label_has_associated_control
107:     </div>
108:     <div class="flex flex-col gap-1 min-w-[140px] flex-1 md:flex-none">
109:       <label class="text-[10px] font-bold text-slate-500 uppercase tracking-wide">Asesor</label>
                                                                                                     ^
110:       <select bind:value={filtroAsesor} class="text-sm px-3 py-2 bg-slate-50 border border-slate-200 rounded-lg outline-none focus:ring-2 focus:ring-blue-500 text-slate-700">
111:         <option value="Todos">Todos</option>
10:04:15 p. m. [vite-plugin-svelte] src/lib/components/comercial/ventas/VentasTable.svelte:118:3 A form label must be associated with a control
https://svelte.dev/e/a11y_label_has_associated_control
116:     </div>
117:     <div class="flex flex-col gap-1 min-w-[130px] flex-1 md:flex-none">
118:       <label class="text-[10px] font-bold text-slate-500 uppercase tracking-wide">Fecha desde</label>
                                                                                                          ^
119:       <input type="date" bind:value={fechaDesde} class="text-sm px-3 py-2 bg-slate-50 border border-slate-200 rounded-lg outline-none focus:ring-2 focus:ring-blue-500 text-slate-700 w-full" />
120:     </div>
10:04:15 p. m. [vite-plugin-svelte] src/lib/components/comercial/ventas/VentasTable.svelte:122:3 A form label must be associated with a control
https://svelte.dev/e/a11y_label_has_associated_control
120:     </div>
121:     <div class="flex flex-col gap-1 min-w-[130px] flex-1 md:flex-none">
122:       <label class="text-[10px] font-bold text-slate-500 uppercase tracking-wide">Fecha hasta</label>
                                                                                                          ^
123:       <input type="date" bind:value={fechaHasta} class="text-sm px-3 py-2 bg-slate-50 border border-slate-200 rounded-lg outline-none focus:ring-2 focus:ring-blue-500 text-slate-700 w-full" />
124:     </div>
10:04:15 p. m. [vite-plugin-svelte] src/lib/components/comercial/ventas/VentasTable.svelte:16:5 `filtroProyecto` is updated, but is not declared with `$state(...)`. Changing its value will not correctly trigger updates
https://svelte.dev/e/non_reactive_update
14:   ] } = $props<{ data?: any[] }>();
15: 
16:   let filtroProyecto = 'Todos';
                        ^
17:   let filtroTipo = 'Todos';
18:   let filtroAsesor = 'Todos';
10:04:15 p. m. [vite-plugin-svelte] src/lib/components/comercial/ventas/VentasTable.svelte:17:5 `filtroTipo` is updated, but is not declared with `$state(...)`. Changing its value will not correctly trigger updates
https://svelte.dev/e/non_reactive_update
15: 
16:   let filtroProyecto = 'Todos';
17:   let filtroTipo = 'Todos';
                    ^
18:   let filtroAsesor = 'Todos';
19:   let fechaDesde = '';
10:04:15 p. m. [vite-plugin-svelte] src/lib/components/comercial/ventas/VentasTable.svelte:18:5 `filtroAsesor` is updated, but is not declared with `$state(...)`. Changing its value will not correctly trigger updates
https://svelte.dev/e/non_reactive_update
16:   let filtroProyecto = 'Todos';
17:   let filtroTipo = 'Todos';
18:   let filtroAsesor = 'Todos';
                      ^
19:   let fechaDesde = '';
20:   let fechaHasta = '';
10:04:15 p. m. [vite-plugin-svelte] src/lib/components/comercial/ventas/VentasTable.svelte:19:5 `fechaDesde` is updated, but is not declared with `$state(...)`. Changing its value will not correctly trigger updates
https://svelte.dev/e/non_reactive_update
17:   let filtroTipo = 'Todos';
18:   let filtroAsesor = 'Todos';
19:   let fechaDesde = '';
                    ^
20:   let fechaHasta = '';
21: 
10:04:15 p. m. [vite-plugin-svelte] src/lib/components/comercial/ventas/VentasTable.svelte:20:5 `fechaHasta` is updated, but is not declared with `$state(...)`. Changing its value will not correctly trigger updates
https://svelte.dev/e/non_reactive_update
18:   let filtroAsesor = 'Todos';
19:   let fechaDesde = '';
20:   let fechaHasta = '';
                    ^
21: 
22:   function getProyectosDisponibles() {
10:04:15 p. m. [vite-plugin-svelte] src/lib/components/comercial/ventas/VentasCharts.svelte:41:10 This reference only captures the initial value of `ventasPorMes`. Did you mean to reference it inside a closure instead?
https://svelte.dev/e/state_referenced_locally
39:       {
40:         label: 'Ventas',
41:         data: ventasPorMes,
                              ^
42:         fill: true,
43:         backgroundColor: 'rgba(59, 130, 246, 0.1)', // blue-500 with opacity
10:04:15 p. m. [vite-plugin-svelte] src/lib/components/comercial/ventas/VentasCharts.svelte:85:10 This reference only captures the initial value of `ventasVsPropuestas`. Did you mean to reference it inside a closure instead?
https://svelte.dev/e/state_referenced_locally
83:       {
84:         label: 'Ventas',
85:         data: ventasVsPropuestas.ventas,
                                    ^
86:         backgroundColor: '#3b82f6', // blue-500
87:         borderRadius: 2
10:04:15 p. m. [vite-plugin-svelte] src/lib/components/comercial/ventas/VentasCharts.svelte:91:10 This reference only captures the initial value of `ventasVsPropuestas`. Did you mean to reference it inside a closure instead?
https://svelte.dev/e/state_referenced_locally
89:       {
90:         label: 'Propuestas',
91:         data: ventasVsPropuestas.propuestas,
                                    ^
92:         backgroundColor: '#94a3b8', // slate-400
93:         borderRadius: 2
10:04:15 p. m. [vite-plugin-svelte] src/lib/components/comercial/ventas/VentasCharts.svelte:127:10 This reference only captures the initial value of `comisionesPorMes`. Did you mean to reference it inside a closure instead?
https://svelte.dev/e/state_referenced_locally
125:       {
126:         label: 'Comisiones',
127:         data: comisionesPorMes,
                                   ^
128:         fill: true,
129:         backgroundColor: 'rgba(16, 185, 129, 0.1)', // emerald-500
10:04:15 p. m. [vite-plugin-svelte] src/lib/components/partidas/PlantillaList.svelte:14:27 `a11y-no-static-element-interactions` is no longer valid — please use `a11y_no_static_element_interactions` instead
https://svelte.dev/e/legacy_code
12:     {#each $plantillasList as p}
13:         <!-- svelte-ignore a11y-click-events-have-key-events -->
14:         <!-- svelte-ignore a11y-no-static-element-interactions -->
                                                                  ^
15:         <div class="px-4 py-3 rounded-lg border mb-2 cursor-pointer transition-all flex justify-between items-center 
16:             {$selectedPlantilla?.id_plantilla === p.id_plantilla ? 'bg-[#e0edf9] border-[#0f3b5e]' : 'bg-white border-[#e2e8f0] hover:bg-[#f1f5f9] hover:border-[#cbd5e1]'}"
10:04:15 p. m. [vite-plugin-svelte] src/lib/components/partidas/PlantillaList.svelte:13:27 `a11y-click-events-have-key-events` is no longer valid — please use `a11y_click_events_have_key_events` instead
https://svelte.dev/e/legacy_code
11: <div class="flex-1 overflow-y-auto p-3">
12:     {#each $plantillasList as p}
13:         <!-- svelte-ignore a11y-click-events-have-key-events -->
                                                                ^
14:         <!-- svelte-ignore a11y-no-static-element-interactions -->
15:         <div class="px-4 py-3 rounded-lg border mb-2 cursor-pointer transition-all flex justify-between items-center 
10:04:15 p. m. [vite-plugin-svelte] src/lib/components/partidas/PlantillaList.svelte:15:8 Visible, non-interactive elements with a click event must be accompanied by a keyboard event handler. Consider whether an interactive element such as `<button type="button">` or `<a>` might be more appropriate
https://svelte.dev/e/a11y_click_events_have_key_events
13:         <!-- svelte-ignore a11y-click-events-have-key-events -->
14:         <!-- svelte-ignore a11y-no-static-element-interactions -->
15:         <div class="px-4 py-3 rounded-lg border mb-2 cursor-pointer transition-all flex justify-between items-center 
                  ^
16:             {$selectedPlantilla?.id_plantilla === p.id_plantilla ? 'bg-[#e0edf9] border-[#0f3b5e]' : 'bg-white border-[#e2e8f0] hover:bg-[#f1f5f9] hover:border-[#cbd5e1]'}"
17:             on:click={() => selectPlantilla(p)}>
10:04:15 p. m. [vite-plugin-svelte] src/lib/components/partidas/PlantillaList.svelte:15:8 `<div>` with a click handler must have an ARIA role
https://svelte.dev/e/a11y_no_static_element_interactions
13:         <!-- svelte-ignore a11y-click-events-have-key-events -->
14:         <!-- svelte-ignore a11y-no-static-element-interactions -->
15:         <div class="px-4 py-3 rounded-lg border mb-2 cursor-pointer transition-all flex justify-between items-center 
                  ^
16:             {$selectedPlantilla?.id_plantilla === p.id_plantilla ? 'bg-[#e0edf9] border-[#0f3b5e]' : 'bg-white border-[#e2e8f0] hover:bg-[#f1f5f9] hover:border-[#cbd5e1]'}"
17:             on:click={() => selectPlantilla(p)}>
10:04:15 p. m. [vite-plugin-svelte] src/lib/components/partidas/PlantillaList.svelte:17:12 Using `on:click` to listen to the click event is deprecated. Use the event attribute `onclick` instead
https://svelte.dev/e/event_directive_deprecated
15:         <div class="px-4 py-3 rounded-lg border mb-2 cursor-pointer transition-all flex justify-between items-center 
16:             {$selectedPlantilla?.id_plantilla === p.id_plantilla ? 'bg-[#e0edf9] border-[#0f3b5e]' : 'bg-white border-[#e2e8f0] hover:bg-[#f1f5f9] hover:border-[#cbd5e1]'}"
17:             on:click={() => selectPlantilla(p)}>
                                                   ^
18:             <div>
19:                 <div class="font-medium text-[14px] text-[#1e293b]">{(p.nombre || 'Sin nombre')}</div>
10:04:16 p. m. [vite-plugin-svelte] src/lib/components/comercial/clientes/ClientesTable.svelte:182:9 Buttons and links should either contain text or have an `aria-label`, `aria-labelledby` or `title` attribute
https://svelte.dev/e/a11y_consider_explicit_label
180:                 <div class="relative flex items-center gap-2">
181:                   <span>Razón Social / Nombre</span>
182:                   <button onclick={() => toggleColumnFilter('nombre')} class="text-slate-400 hover:text-blue-600 transition-colors">
                                ^
183:                     <i class="fas fa-filter"></i>
184:                   </button>
10:04:16 p. m. [vite-plugin-svelte] src/lib/components/comercial/clientes/ClientesTable.svelte:206:9 Buttons and links should either contain text or have an `aria-label`, `aria-labelledby` or `title` attribute
https://svelte.dev/e/a11y_consider_explicit_label
204:                 <div class="relative flex items-center gap-2">
205:                   <span>Tipo</span>
206:                   <button onclick={() => toggleColumnFilter('tipo')} class="text-slate-400 hover:text-blue-600 transition-colors">
                                ^
207:                     <i class="fas fa-filter"></i>
208:                   </button>
10:04:16 p. m. [vite-plugin-svelte] src/lib/components/comercial/clientes/ClientesTable.svelte:230:9 Buttons and links should either contain text or have an `aria-label`, `aria-labelledby` or `title` attribute
https://svelte.dev/e/a11y_consider_explicit_label
228:                 <div class="relative flex items-center gap-2">
229:                   <span>Documento</span>
230:                   <button onclick={() => toggleColumnFilter('documento')} class="text-slate-400 hover:text-blue-600 transition-colors">
                                ^
231:                     <i class="fas fa-filter"></i>
232:                   </button>
10:04:16 p. m. [vite-plugin-svelte] src/lib/components/comercial/clientes/ClientesTable.svelte:254:9 Buttons and links should either contain text or have an `aria-label`, `aria-labelledby` or `title` attribute
https://svelte.dev/e/a11y_consider_explicit_label
252:                 <div class="relative flex items-center gap-2">
253:                   <span>Contacto</span>
254:                   <button onclick={() => toggleColumnFilter('contacto')} class="text-slate-400 hover:text-blue-600 transition-colors">
                                ^
255:                     <i class="fas fa-filter"></i>
256:                   </button>
10:04:16 p. m. [vite-plugin-svelte] src/lib/components/comercial/clientes/ClientesTable.svelte:8:5 `searchTerm` is updated, but is not declared with `$state(...)`. Changing its value will not correctly trigger updates
https://svelte.dev/e/non_reactive_update
 6:   }>();
 7: 
 8:   let searchTerm = '';
                    ^
 9:   let tipoFilter = 'Todos';
10:   let activeFilterColumn: string | null = null;
10:04:16 p. m. [vite-plugin-svelte] src/lib/components/comercial/clientes/ClientesTable.svelte:9:5 `tipoFilter` is updated, but is not declared with `$state(...)`. Changing its value will not correctly trigger updates
https://svelte.dev/e/non_reactive_update
 7: 
 8:   let searchTerm = '';
 9:   let tipoFilter = 'Todos';
                    ^
10:   let activeFilterColumn: string | null = null;
11:   let showColumnPanel = false;
10:04:16 p. m. [vite-plugin-svelte] src/lib/components/comercial/clientes/ClientesTable.svelte:10:5 `activeFilterColumn` is updated, but is not declared with `$state(...)`. Changing its value will not correctly trigger updates
https://svelte.dev/e/non_reactive_update
 8:   let searchTerm = '';
 9:   let tipoFilter = 'Todos';
10:   let activeFilterColumn: string | null = null;
                                           ^
11:   let showColumnPanel = false;
12:   let visibleColumns = {
10:04:16 p. m. [vite-plugin-svelte] src/lib/components/comercial/clientes/ClientesTable.svelte:11:5 `showColumnPanel` is updated, but is not declared with `$state(...)`. Changing its value will not correctly trigger updates
https://svelte.dev/e/non_reactive_update
 9:   let tipoFilter = 'Todos';
10:   let activeFilterColumn: string | null = null;
11:   let showColumnPanel = false;
                         ^
12:   let visibleColumns = {
13:     nombre: true,
10:04:16 p. m. [vite-plugin-svelte] src/lib/components/partidas/PartidaDetail.svelte:31:35 `a11y-no-static-element-interactions` is no longer valid — please use `a11y_no_static_element_interactions` instead
https://svelte.dev/e/legacy_code
29:             {#each tabs as tab}
30:                 <!-- svelte-ignore a11y-click-events-have-key-events -->
31:                 <!-- svelte-ignore a11y-no-static-element-interactions -->
                                                                          ^
32:                 <div class="px-3 md:px-4 py-3 text-[13px] font-medium cursor-pointer border-b-[3px] transition-all {activeTab === tab.id ? 'text-[#0f3b5e] border-[#0f3b5e]' : 'text-[#64748b] border-transparent hover:text-[#0f3b5e]'}" on:click={() => activeTab = tab.id}>
33:                     {tab.label}
10:04:16 p. m. [vite-plugin-svelte] src/lib/components/partidas/PartidaDetail.svelte:30:35 `a11y-click-events-have-key-events` is no longer valid — please use `a11y_click_events_have_key_events` instead
https://svelte.dev/e/legacy_code
28:         <div class="flex flex-wrap border-b border-slate-200 bg-[#fafcff] px-2 md:px-6 shrink-0">
29:             {#each tabs as tab}
30:                 <!-- svelte-ignore a11y-click-events-have-key-events -->
                                                                        ^
31:                 <!-- svelte-ignore a11y-no-static-element-interactions -->
32:                 <div class="px-3 md:px-4 py-3 text-[13px] font-medium cursor-pointer border-b-[3px] transition-all {activeTab === tab.id ? 'text-[#0f3b5e] border-[#0f3b5e]' : 'text-[#64748b] border-transparent hover:text-[#0f3b5e]'}" on:click={() => activeTab = tab.id}>
10:04:16 p. m. [vite-plugin-svelte] src/lib/components/partidas/PartidaDetail.svelte:32:16 Visible, non-interactive elements with a click event must be accompanied by a keyboard event handler. Consider whether an interactive element such as `<button type="button">` or `<a>` might be more appropriate
https://svelte.dev/e/a11y_click_events_have_key_events
30:                 <!-- svelte-ignore a11y-click-events-have-key-events -->
31:                 <!-- svelte-ignore a11y-no-static-element-interactions -->
32:                 <div class="px-3 md:px-4 py-3 text-[13px] font-medium cursor-pointer border-b-[3px] transition-all {activeTab === tab.id ? 'text-[#0f3b5e] border-[#0f3b5e]' : 'text-[#64748b] border-transparent hover:text-[#0f3b5e]'}" on:click={() => activeTab = tab.id}>
                          ^
33:                     {tab.label}
34:                 </div>
10:04:16 p. m. [vite-plugin-svelte] src/lib/components/partidas/PartidaDetail.svelte:32:16 `<div>` with a click handler must have an ARIA role
https://svelte.dev/e/a11y_no_static_element_interactions
30:                 <!-- svelte-ignore a11y-click-events-have-key-events -->
31:                 <!-- svelte-ignore a11y-no-static-element-interactions -->
32:                 <div class="px-3 md:px-4 py-3 text-[13px] font-medium cursor-pointer border-b-[3px] transition-all {activeTab === tab.id ? 'text-[#0f3b5e] border-[#0f3b5e]' : 'text-[#64748b] border-transparent hover:text-[#0f3b5e]'}" on:click={() => activeTab = tab.id}>
                          ^
33:                     {tab.label}
34:                 </div>
10:04:16 p. m. [vite-plugin-svelte] src/lib/components/partidas/PartidaDetail.svelte:32:234 Using `on:click` to listen to the click event is deprecated. Use the event attribute `onclick` instead
https://svelte.dev/e/event_directive_deprecated
30:                 <!-- svelte-ignore a11y-click-events-have-key-events -->
31:                 <!-- svelte-ignore a11y-no-static-element-interactions -->
32:                 <div class="px-3 md:px-4 py-3 text-[13px] font-medium cursor-pointer border-b-[3px] transition-all {activeTab === tab.id ? 'text-[#0f3b5e] border-[#0f3b5e]' : 'text-[#64748b] border-transparent hover:text-[#0f3b5e]'}" on:click={() => activeTab = tab.id}>
                                                                                                                                                                                                                                                                                 ^
33:                     {tab.label}
34:                 </div>
10:04:16 p. m. [vite-plugin-svelte] src/lib/components/partidas/PartidaDetail.svelte:42:24 A form label must be associated with a control
https://svelte.dev/e/a11y_label_has_associated_control
40:                 <div class="space-y-4 max-w-2xl">
41:                     <div class="flex flex-col md:flex-row md:items-center">
42:                         <label class="w-40 font-medium text-[13px] text-[#475569] mb-1 md:mb-0">Código</label>
                                                                                                                  ^
43:                         <input type="text" value={$selectedPartida.codigo} class="flex-1 p-2 border border-[#d1d5db] rounded text-[14px] bg-[#f9fafb] text-[#1e293b] focus:outline-none focus:border-[#0f3b5e] focus:bg-white" readonly />
44:                     </div>
10:04:16 p. m. [vite-plugin-svelte] src/lib/components/partidas/PartidaDetail.svelte:46:24 A form label must be associated with a control
https://svelte.dev/e/a11y_label_has_associated_control
44:                     </div>
45:                     <div class="flex flex-col md:flex-row md:items-center">
46:                         <label class="w-40 font-medium text-[13px] text-[#475569] mb-1 md:mb-0">Descripción</label>
                                                                                                                       ^
47:                         <input type="text" value={$selectedPartida.descripcion} class="flex-1 p-2 border border-[#d1d5db] rounded text-[14px] bg-[#f9fafb] text-[#1e293b] focus:outline-none focus:border-[#0f3b5e] focus:bg-white" readonly />
48:                     </div>
10:04:16 p. m. [vite-plugin-svelte] src/lib/components/partidas/PartidaDetail.svelte:50:24 A form label must be associated with a control
https://svelte.dev/e/a11y_label_has_associated_control
48:                     </div>
49:                     <div class="flex flex-col md:flex-row md:items-center">
50:                         <label class="w-40 font-medium text-[13px] text-[#475569] mb-1 md:mb-0">Unidad</label>
                                                                                                                  ^
51:                         <select class="flex-1 p-2 border border-[#d1d5db] rounded text-[14px] bg-[#f9fafb] text-[#1e293b] focus:outline-none focus:border-[#0f3b5e] focus:bg-white" disabled>
52:                             <option>{$selectedPartida.unidad || 'glb'}</option>
10:04:16 p. m. [vite-plugin-svelte] src/lib/components/partidas/PartidaDetail.svelte:56:24 A form label must be associated with a control
https://svelte.dev/e/a11y_label_has_associated_control
54:                     </div>
55:                     <div class="flex flex-col md:flex-row md:items-center">
56:                         <label class="w-40 font-medium text-[13px] text-[#475569] mb-1 md:mb-0">Nivel</label>
                                                                                                                 ^
57:                         <input type="number" value={$selectedPartida.nivel} class="flex-1 p-2 border border-[#d1d5db] rounded text-[14px] bg-[#f9fafb] text-[#1e293b] focus:outline-none focus:border-[#0f3b5e] focus:bg-white" readonly />
58:                     </div>
10:04:16 p. m. [vite-plugin-svelte] src/lib/components/partidas/PartidaDetail.svelte:60:24 A form label must be associated with a control
https://svelte.dev/e/a11y_label_has_associated_control
58:                     </div>
59:                     <div class="flex flex-col md:flex-row md:items-center">
60:                         <label class="w-40 font-medium text-[13px] text-[#475569] mb-1 md:mb-0">Partida padre</label>
                                                                                                                         ^
61:                         <input type="text" value="C02.01 - Cimentación" class="flex-1 p-2 border border-[#d1d5db] rounded text-[14px] bg-[#f1f5f9] text-[#1e293b] cursor-not-allowed" disabled />
62:                     </div>
10:04:16 p. m. [vite-plugin-svelte] src/lib/components/partidas/PartidaDetail.svelte:67:24 A form label must be associated with a control
https://svelte.dev/e/a11y_label_has_associated_control
65:                 <div class="space-y-4 max-w-2xl">
66:                     <div class="flex flex-col md:flex-row md:items-center">
67:                         <label class="w-40 font-medium text-[13px] text-[#475569] mb-1 md:mb-0">Precio unitario</label>
                                                                                                                           ^
68:                         <input type="number" value={$selectedPartida.precio_unitario || 0.0} class="flex-1 p-2 border border-[#d1d5db] rounded text-[14px] bg-[#f9fafb] text-[#1e293b] focus:outline-none focus:border-[#0f3b5e] focus:bg-white" readonly />
69:                     </div>
10:04:16 p. m. [vite-plugin-svelte] src/lib/components/partidas/TreeView.svelte:21:23 `a11y-no-static-element-interactions` is no longer valid — please use `a11y_no_static_element_interactions` instead
https://svelte.dev/e/legacy_code
19:     {@const hasChildren = node.children && node.children.length > 0}
20:     <!-- svelte-ignore a11y-click-events-have-key-events -->
21:     <!-- svelte-ignore a11y-no-static-element-interactions -->
                                                              ^
22:     <div class="group flex items-center py-1.5 px-3 cursor-pointer text-sm hover:bg-[#f1f5f9] transition-colors border-l-2 {$selectedPartida?.id_partida === node.id_partida ? 'bg-[#e0edf9] border-[#0f3b5e]' : 'border-transparent'}" style="padding-left: {16 + level * 16}px;" on:click={() => select(node)}>
23:         <div class="w-5 text-center text-[#94a3b8] text-[10px] mr-1" on:click|stopPropagation={() => hasChildren && toggle(node.id_partida)}>
10:04:16 p. m. [vite-plugin-svelte] src/lib/components/partidas/TreeView.svelte:20:23 `a11y-click-events-have-key-events` is no longer valid — please use `a11y_click_events_have_key_events` instead
https://svelte.dev/e/legacy_code
18: {#each nodes as node}
19:     {@const hasChildren = node.children && node.children.length > 0}
20:     <!-- svelte-ignore a11y-click-events-have-key-events -->
                                                            ^
21:     <!-- svelte-ignore a11y-no-static-element-interactions -->
22:     <div class="group flex items-center py-1.5 px-3 cursor-pointer text-sm hover:bg-[#f1f5f9] transition-colors border-l-2 {$selectedPartida?.id_partida === node.id_partida ? 'bg-[#e0edf9] border-[#0f3b5e]' : 'border-transparent'}" style="padding-left: {16 + level * 16}px;" on:click={() => select(node)}>
10:04:16 p. m. [vite-plugin-svelte] src/lib/components/partidas/TreeView.svelte:22:4 Visible, non-interactive elements with a click event must be accompanied by a keyboard event handler. Consider whether an interactive element such as `<button type="button">` or `<a>` might be more appropriate
https://svelte.dev/e/a11y_click_events_have_key_events
20:     <!-- svelte-ignore a11y-click-events-have-key-events -->
21:     <!-- svelte-ignore a11y-no-static-element-interactions -->
22:     <div class="group flex items-center py-1.5 px-3 cursor-pointer text-sm hover:bg-[#f1f5f9] transition-colors border-l-2 {$selectedPartida?.id_partida === node.id_partida ? 'bg-[#e0edf9] border-[#0f3b5e]' : 'border-transparent'}" style="padding-left: {16 + level * 16}px;" on:click={() => select(node)}>
              ^
23:         <div class="w-5 text-center text-[#94a3b8] text-[10px] mr-1" on:click|stopPropagation={() => hasChildren && toggle(node.id_partida)}>
24:             {#if hasChildren}
10:04:16 p. m. [vite-plugin-svelte] src/lib/components/partidas/TreeView.svelte:22:4 `<div>` with a click handler must have an ARIA role
https://svelte.dev/e/a11y_no_static_element_interactions
20:     <!-- svelte-ignore a11y-click-events-have-key-events -->
21:     <!-- svelte-ignore a11y-no-static-element-interactions -->
22:     <div class="group flex items-center py-1.5 px-3 cursor-pointer text-sm hover:bg-[#f1f5f9] transition-colors border-l-2 {$selectedPartida?.id_partida === node.id_partida ? 'bg-[#e0edf9] border-[#0f3b5e]' : 'border-transparent'}" style="padding-left: {16 + level * 16}px;" on:click={() => select(node)}>
              ^
23:         <div class="w-5 text-center text-[#94a3b8] text-[10px] mr-1" on:click|stopPropagation={() => hasChildren && toggle(node.id_partida)}>
24:             {#if hasChildren}
10:04:16 p. m. [vite-plugin-svelte] src/lib/components/partidas/TreeView.svelte:22:275 Using `on:click` to listen to the click event is deprecated. Use the event attribute `onclick` instead
https://svelte.dev/e/event_directive_deprecated
20:     <!-- svelte-ignore a11y-click-events-have-key-events -->
21:     <!-- svelte-ignore a11y-no-static-element-interactions -->
22:     <div class="group flex items-center py-1.5 px-3 cursor-pointer text-sm hover:bg-[#f1f5f9] transition-colors border-l-2 {$selectedPartida?.id_partida === node.id_partida ? 'bg-[#e0edf9] border-[#0f3b5e]' : 'border-transparent'}" style="padding-left: {16 + level * 16}px;" on:click={() => select(node)}>
                                                                                                                                                                                                                                                                                                                    ^
23:         <div class="w-5 text-center text-[#94a3b8] text-[10px] mr-1" on:click|stopPropagation={() => hasChildren && toggle(node.id_partida)}>
24:             {#if hasChildren}
10:04:16 p. m. [vite-plugin-svelte] src/lib/components/partidas/TreeView.svelte:23:8 Visible, non-interactive elements with a click event must be accompanied by a keyboard event handler. Consider whether an interactive element such as `<button type="button">` or `<a>` might be more appropriate
https://svelte.dev/e/a11y_click_events_have_key_events
21:     <!-- svelte-ignore a11y-no-static-element-interactions -->
22:     <div class="group flex items-center py-1.5 px-3 cursor-pointer text-sm hover:bg-[#f1f5f9] transition-colors border-l-2 {$selectedPartida?.id_partida === node.id_partida ? 'bg-[#e0edf9] border-[#0f3b5e]' : 'border-transparent'}" style="padding-left: {16 + level * 16}px;" on:click={() => select(node)}>
23:         <div class="w-5 text-center text-[#94a3b8] text-[10px] mr-1" on:click|stopPropagation={() => hasChildren && toggle(node.id_partida)}>
                  ^
24:             {#if hasChildren}
25:                 {#if expanded[node.id_partida]}
10:04:16 p. m. [vite-plugin-svelte] src/lib/components/partidas/TreeView.svelte:23:8 `<div>` with a click handler must have an ARIA role
https://svelte.dev/e/a11y_no_static_element_interactions
21:     <!-- svelte-ignore a11y-no-static-element-interactions -->
22:     <div class="group flex items-center py-1.5 px-3 cursor-pointer text-sm hover:bg-[#f1f5f9] transition-colors border-l-2 {$selectedPartida?.id_partida === node.id_partida ? 'bg-[#e0edf9] border-[#0f3b5e]' : 'border-transparent'}" style="padding-left: {16 + level * 16}px;" on:click={() => select(node)}>
23:         <div class="w-5 text-center text-[#94a3b8] text-[10px] mr-1" on:click|stopPropagation={() => hasChildren && toggle(node.id_partida)}>
                  ^
24:             {#if hasChildren}
25:                 {#if expanded[node.id_partida]}
10:04:16 p. m. [vite-plugin-svelte] src/lib/components/partidas/TreeView.svelte:23:69 Using `on:click` to listen to the click event is deprecated. Use the event attribute `onclick` instead
https://svelte.dev/e/event_directive_deprecated
21:     <!-- svelte-ignore a11y-no-static-element-interactions -->
22:     <div class="group flex items-center py-1.5 px-3 cursor-pointer text-sm hover:bg-[#f1f5f9] transition-colors border-l-2 {$selectedPartida?.id_partida === node.id_partida ? 'bg-[#e0edf9] border-[#0f3b5e]' : 'border-transparent'}" style="padding-left: {16 + level * 16}px;" on:click={() => select(node)}>
23:         <div class="w-5 text-center text-[#94a3b8] text-[10px] mr-1" on:click|stopPropagation={() => hasChildren && toggle(node.id_partida)}>
                                                                                                                                                ^
24:             {#if hasChildren}
25:                 {#if expanded[node.id_partida]}
10:04:16 p. m. [vite-plugin-svelte] src/lib/components/partidas/TreeView.svelte:47:8 `<svelte:self>` is deprecated — use self-imports (e.g. `import TreeView from './TreeView.svelte'`) instead
https://svelte.dev/e/svelte_self_deprecated
45: 
46:     {#if hasChildren && expanded[node.id_partida]}
47:         <svelte:self nodes={node.children} level={level + 1} />
                                                                   ^
48:     {/if}
49: {/each}
10:04:16 p. m. [vite-plugin-svelte] src/lib/components/partidas/PartidaModal.svelte:156:20 A form label must be associated with a control
https://svelte.dev/e/a11y_label_has_associated_control
154:                 
155:                 <div>
156:                     <label class="block text-sm font-medium text-[#1e293b] mb-1">
                                 ^
157:                         Código <span class="text-red-500">*</span>
158:                     </label>
10:04:16 p. m. [vite-plugin-svelte] src/lib/components/partidas/PartidaModal.svelte:168:20 A form label must be associated with a control
https://svelte.dev/e/a11y_label_has_associated_control
166:                 
167:                 <div>
168:                     <label class="block text-sm font-medium text-[#1e293b] mb-1">
                                 ^
169:                         Descripción <span class="text-red-500">*</span>
170:                     </label>
10:04:16 p. m. [vite-plugin-svelte] src/lib/components/partidas/PartidaModal.svelte:181:24 A form label must be associated with a control
https://svelte.dev/e/a11y_label_has_associated_control
179:                 <div class="grid grid-cols-2 gap-4">
180:                     <div>
181:                         <label class="block text-sm font-medium text-[#1e293b] mb-1">
                                     ^
182:                             Nivel
183:                         </label>
10:04:16 p. m. [vite-plugin-svelte] src/lib/components/partidas/PartidaModal.svelte:193:24 A form label must be associated with a control
https://svelte.dev/e/a11y_label_has_associated_control
191:                     
192:                     <div>
193:                         <label class="block text-sm font-medium text-[#1e293b] mb-1">
                                     ^
194:                             Unidad
195:                         </label>
10:04:16 p. m. [vite-plugin-svelte] src/lib/components/partidas/PartidaModal.svelte:206:20 A form label must be associated with a control
https://svelte.dev/e/a11y_label_has_associated_control
204:                 
205:                 <div>
206:                     <label class="block text-sm font-medium text-[#1e293b] mb-1">
                                 ^
207:                         Precio Unitario
208:                     </label>
10:04:16 p. m. [vite-plugin-svelte] src/lib/components/partidas/PartidaModal.svelte:219:20 A form label must be associated with a control
https://svelte.dev/e/a11y_label_has_associated_control
217:                 
218:                 <div>
219:                     <label class="block text-sm font-medium text-[#1e293b] mb-1">
                                 ^
220:                         Partida Padre (Opcional)
221:                     </label>
✓ 3953 modules transformed.
rendering chunks...
[Supabase] Server client initialized with the available credentials.
[vite.config] TAURI_DEV_HOST = (not set)
[vite.config] Binding Vite server to 0.0.0.0:5173 (IPv4 + IPv6)
[36mvite v8.0.13 [32mbuilding ssr environment for production...[36m[39m
[2Ktransforming...10:04:39 p. m. [vite-plugin-svelte] src/routes/(app)/+layout.svelte:107:5 Buttons and links should either contain text or have an `aria-label`, `aria-labelledby` or `title` attribute
https://svelte.dev/e/a11y_consider_explicit_label
105:       <header class="bg-white border-b border-slate-100 h-16 px-6 flex items-center justify-end sticky top-0 z-20 shadow-sm">
106:         <div class="flex items-center gap-4">
107:           <button class="text-slate-400 hover:text-brand-orange relative">
                        ^
108:             <i class="fas fa-bell"></i>
109:             <span class="absolute -top-1 -right-1 w-2.5 h-2.5 bg-red-500 rounded-full border-2 border-white"></span>
10:04:40 p. m. [vite-plugin-svelte] src/routes/(app)/comercial/clientes/+page.svelte:75:4 Buttons and links should either contain text or have an `aria-label`, `aria-labelledby` or `title` attribute
https://svelte.dev/e/a11y_consider_explicit_label
73:     <div class="flex flex-col">
74:       <div class="flex items-center gap-2 text-slate-500 text-sm mb-1">
75:         <a href="/comercial" class="hover:text-blue-600 transition-colors"><i class="fas fa-arrow-left"></i></a>
                                                                                                                    ^
76:         <span class="font-bold text-slate-800 text-2xl ml-2">Directorio de Clientes</span>
77:       </div>
10:04:40 p. m. [vite-plugin-svelte] src/routes/(app)/comercial/proveedores/+page.svelte:75:4 Buttons and links should either contain text or have an `aria-label`, `aria-labelledby` or `title` attribute
https://svelte.dev/e/a11y_consider_explicit_label
73:     <div class="flex flex-col">
74:       <div class="flex items-center gap-2 text-slate-500 text-sm mb-1">
75:         <a href="/comercial" class="hover:text-blue-600 transition-colors"><i class="fas fa-arrow-left"></i></a>
                                                                                                                    ^
76:         <span class="font-bold text-slate-800 text-2xl ml-2">Directorio de Proveedores</span>
77:       </div>
10:04:40 p. m. [vite-plugin-svelte] src/routes/(app)/proyectos/gestion/[id]/+page.svelte:225:6 A form label must be associated with a control
https://svelte.dev/e/a11y_label_has_associated_control
223:         <div class="grid grid-cols-1 md:grid-cols-2 gap-6">
224:           <div>
225:             <label class="block text-xs font-bold text-slate-500 mb-1.5 uppercase tracking-wider">Nombre del Proyecto</label>
                                                                                                                                  ^
226:             <input type="text" value={proyecto.nombre_proyecto} class="w-full px-4 py-2.5 bg-slate-50 border border-slate-200 rounded-xl focus:bg-white focus:ring-2 focus:ring-orange-500 focus:border-orange-500 outline-none transition-all text-sm font-medium text-slate-800" />
227:           </div>
10:04:40 p. m. [vite-plugin-svelte] src/routes/(app)/proyectos/gestion/[id]/+page.svelte:229:6 A form label must be associated with a control
https://svelte.dev/e/a11y_label_has_associated_control
227:           </div>
228:           <div>
229:             <label class="block text-xs font-bold text-slate-500 mb-1.5 uppercase tracking-wider">Responsable (Residente)</label>
                                                                                                                                      ^
230:             <input type="text" value={proyecto.responsable || ''} placeholder="Ej. Ing. Juan Pérez" class="w-full px-4 py-2.5 bg-slate-50 border border-slate-200 rounded-xl focus:bg-white focus:ring-2 focus:ring-orange-500 focus:border-orange-500 outline-none transition-all text-sm font-medium text-slate-800" />
231:           </div>
10:04:40 p. m. [vite-plugin-svelte] src/routes/(app)/proyectos/gestion/[id]/+page.svelte:233:6 A form label must be associated with a control
https://svelte.dev/e/a11y_label_has_associated_control
231:           </div>
232:           <div class="md:col-span-2">
233:             <label class="block text-xs font-bold text-slate-500 mb-1.5 uppercase tracking-wider">Ubicación</label>
                                                                                                                        ^
234:             <input type="text" value={proyecto.ubicacion || ''} class="w-full px-4 py-2.5 bg-slate-50 border border-slate-200 rounded-xl focus:bg-white focus:ring-2 focus:ring-orange-500 focus:border-orange-500 outline-none transition-all text-sm font-medium text-slate-800" />
235:           </div>
10:04:40 p. m. [vite-plugin-svelte] src/routes/(app)/proyectos/gestion/[id]/+page.svelte:237:6 A form label must be associated with a control
https://svelte.dev/e/a11y_label_has_associated_control
235:           </div>
236:           <div class="md:col-span-2">
237:             <label class="block text-xs font-bold text-slate-500 mb-1.5 uppercase tracking-wider">Descripción</label>
                                                                                                                          ^
238:             <textarea rows="3" class="w-full px-4 py-2.5 bg-slate-50 border border-slate-200 rounded-xl focus:bg-white focus:ring-2 focus:ring-orange-500 focus:border-orange-500 outline-none transition-all text-sm font-medium text-slate-800 resize-none">{proyecto.descripcion || ''}</textarea>
239:           </div>
10:04:40 p. m. [vite-plugin-svelte] src/routes/(app)/proyectos/gestion/[id]/+page.svelte:241:6 A form label must be associated with a control
https://svelte.dev/e/a11y_label_has_associated_control
239:           </div>
240:           <div>
241:             <label class="block text-xs font-bold text-slate-500 mb-1.5 uppercase tracking-wider">Cliente ID</label>
                                                                                                                         ^
242:             <input type="text" value={proyecto.id_cliente || ''} class="w-full px-4 py-2.5 bg-slate-50 border border-slate-200 rounded-xl focus:bg-white focus:ring-2 focus:ring-orange-500 focus:border-orange-500 outline-none transition-all text-sm font-medium text-slate-800" />
243:           </div>
10:04:40 p. m. [vite-plugin-svelte] src/routes/(app)/proyectos/gestion/[id]/+page.svelte:245:6 A form label must be associated with a control
https://svelte.dev/e/a11y_label_has_associated_control
243:           </div>
244:           <div>
245:             <label class="block text-xs font-bold text-slate-500 mb-1.5 uppercase tracking-wider">Tipo de Proyecto</label>
                                                                                                                               ^
246:             <input type="text" value={proyecto.tip_proyecto || ''} class="w-full px-4 py-2.5 bg-slate-50 border border-slate-200 rounded-xl focus:bg-white focus:ring-2 focus:ring-orange-500 focus:border-orange-500 outline-none transition-all text-sm font-medium text-slate-800" />
247:           </div>
10:04:40 p. m. [vite-plugin-svelte] src/routes/(app)/proyectos/gestion/[id]/+page.svelte:249:6 A form label must be associated with a control
https://svelte.dev/e/a11y_label_has_associated_control
247:           </div>
248:           <div>
249:             <label class="block text-xs font-bold text-slate-500 mb-1.5 uppercase tracking-wider">Estado Predio</label>
                                                                                                                            ^
250:             <input type="text" value={proyecto.estado_predio || ''} class="w-full px-4 py-2.5 bg-slate-50 border border-slate-200 rounded-xl focus:bg-white focus:ring-2 focus:ring-orange-500 focus:border-orange-500 outline-none transition-all text-sm font-medium text-slate-800" />
251:           </div>
10:04:40 p. m. [vite-plugin-svelte] src/routes/(app)/proyectos/gestion/[id]/+page.svelte:253:6 A form label must be associated with a control
https://svelte.dev/e/a11y_label_has_associated_control
251:           </div>
252:           <div>
253:             <label class="block text-xs font-bold text-slate-500 mb-1.5 uppercase tracking-wider">Tipo Edificación</label>
                                                                                                                               ^
254:             <input type="text" value={proyecto.tipo_edifica || ''} class="w-full px-4 py-2.5 bg-slate-50 border border-slate-200 rounded-xl focus:bg-white focus:ring-2 focus:ring-orange-500 focus:border-orange-500 outline-none transition-all text-sm font-medium text-slate-800" />
255:           </div>
10:04:40 p. m. [vite-plugin-svelte] src/routes/(app)/proyectos/gestion/[id]/+page.svelte:257:6 A form label must be associated with a control
https://svelte.dev/e/a11y_label_has_associated_control
255:           </div>
256:           <div>
257:             <label class="block text-xs font-bold text-slate-500 mb-1.5 uppercase tracking-wider">Nro pisos</label>
                                                                                                                        ^
258:             <input type="number" value={proyecto.Nro_pisos ?? ''} class="w-full px-4 py-2.5 bg-slate-50 border border-slate-200 rounded-xl focus:bg-white focus:ring-2 focus:ring-orange-500 focus:border-orange-500 outline-none transition-all text-sm font-medium text-slate-800" />
259:           </div>
10:04:40 p. m. [vite-plugin-svelte] src/routes/(app)/proyectos/gestion/[id]/+page.svelte:261:6 A form label must be associated with a control
https://svelte.dev/e/a11y_label_has_associated_control
259:           </div>
260:           <div>
261:             <label class="block text-xs font-bold text-slate-500 mb-1.5 uppercase tracking-wider">Distrito</label>
                                                                                                                       ^
262:             <input type="text" value={proyecto.distrito || ''} class="w-full px-4 py-2.5 bg-slate-50 border border-slate-200 rounded-xl focus:bg-white focus:ring-2 focus:ring-orange-500 focus:border-orange-500 outline-none transition-all text-sm font-medium text-slate-800" />
263:           </div>
10:04:40 p. m. [vite-plugin-svelte] src/routes/(app)/proyectos/gestion/[id]/+page.svelte:265:6 A form label must be associated with a control
https://svelte.dev/e/a11y_label_has_associated_control
263:           </div>
264:           <div>
265:             <label class="block text-xs font-bold text-slate-500 mb-1.5 uppercase tracking-wider">Provincia</label>
                                                                                                                        ^
266:             <input type="text" value={proyecto.provincia || ''} class="w-full px-4 py-2.5 bg-slate-50 border border-slate-200 rounded-xl focus:bg-white focus:ring-2 focus:ring-orange-500 focus:border-orange-500 outline-none transition-all text-sm font-medium text-slate-800" />
267:           </div>
10:04:40 p. m. [vite-plugin-svelte] src/routes/(app)/proyectos/gestion/[id]/+page.svelte:269:6 A form label must be associated with a control
https://svelte.dev/e/a11y_label_has_associated_control
267:           </div>
268:           <div>
269:             <label class="block text-xs font-bold text-slate-500 mb-1.5 uppercase tracking-wider">Departamento</label>
                                                                                                                           ^
270:             <input type="text" value={proyecto.departamento || ''} class="w-full px-4 py-2.5 bg-slate-50 border border-slate-200 rounded-xl focus:bg-white focus:ring-2 focus:ring-orange-500 focus:border-orange-500 outline-none transition-all text-sm font-medium text-slate-800" />
271:           </div>
10:04:40 p. m. [vite-plugin-svelte] src/routes/(app)/proyectos/gestion/[id]/+page.svelte:277:6 A form label must be associated with a control
https://svelte.dev/e/a11y_label_has_associated_control
275:         <div class="grid grid-cols-1 md:grid-cols-3 gap-6">
276:           <div>
277:             <label class="block text-xs font-bold text-slate-500 mb-1.5 uppercase tracking-wider">Fecha Inicio Plan.</label>
                                                                                                                                 ^
278:             <input type="date" value={proyecto.fecha_inicio_plan || ''} class="w-full px-4 py-2.5 bg-slate-50 border border-slate-200 rounded-xl focus:bg-white focus:ring-2 focus:ring-orange-500 focus:border-orange-500 outline-none transition-all text-sm font-medium text-slate-800" />
279:           </div>
10:04:40 p. m. [vite-plugin-svelte] src/routes/(app)/proyectos/gestion/[id]/+page.svelte:281:6 A form label must be associated with a control
https://svelte.dev/e/a11y_label_has_associated_control
279:           </div>
280:           <div>
281:             <label class="block text-xs font-bold text-slate-500 mb-1.5 uppercase tracking-wider">Fecha Fin Plan.</label>
                                                                                                                              ^
282:             <input type="date" value={proyecto.fecha_fin_plan || ''} class="w-full px-4 py-2.5 bg-slate-50 border border-slate-200 rounded-xl focus:bg-white focus:ring-2 focus:ring-orange-500 focus:border-orange-500 outline-none transition-all text-sm font-medium text-slate-800" />
283:           </div>
10:04:40 p. m. [vite-plugin-svelte] src/routes/(app)/proyectos/gestion/[id]/+page.svelte:285:6 A form label must be associated with a control
https://svelte.dev/e/a11y_label_has_associated_control
283:           </div>
284:           <div>
285:             <label class="block text-xs font-bold text-slate-500 mb-1.5 uppercase tracking-wider">Costo Estimado (S/)</label>
                                                                                                                                  ^
286:             <input type="number" value={proyecto.costo_estima || ''} class="w-full px-4 py-2.5 bg-slate-50 border border-slate-200 rounded-xl focus:bg-white focus:ring-2 focus:ring-orange-500 focus:border-orange-500 outline-none transition-all text-sm font-medium text-slate-800" />
287:           </div>
10:04:40 p. m. [vite-plugin-svelte] src/routes/(app)/proyectos/gestion/[id]/+page.svelte:289:6 A form label must be associated with a control
https://svelte.dev/e/a11y_label_has_associated_control
287:           </div>
288:           <div>
289:             <label class="block text-xs font-bold text-slate-500 mb-1.5 uppercase tracking-wider">Precio Venta (S/)</label>
                                                                                                                                ^
290:             <input type="number" value={proyecto.precio_venta || ''} class="w-full px-4 py-2.5 bg-slate-50 border border-slate-200 rounded-xl focus:bg-white focus:ring-2 focus:ring-orange-500 focus:border-orange-500 outline-none transition-all text-sm font-medium text-slate-800" />
291:           </div>
10:04:40 p. m. [vite-plugin-svelte] src/routes/(app)/proyectos/gestion/[id]/+page.svelte:293:6 A form label must be associated with a control
https://svelte.dev/e/a11y_label_has_associated_control
291:           </div>
292:           <div>
293:             <label class="block text-xs font-bold text-slate-500 mb-1.5 uppercase tracking-wider">Duración Semanas</label>
                                                                                                                               ^
294:             <input type="number" value={proyecto.duracion_semanas || ''} class="w-full px-4 py-2.5 bg-slate-50 border border-slate-200 rounded-xl focus:bg-white focus:ring-2 focus:ring-orange-500 focus:border-orange-500 outline-none transition-all text-sm font-medium text-slate-800" />
295:           </div>
10:04:40 p. m. [vite-plugin-svelte] src/routes/(app)/proyectos/gestion/[id]/+page.svelte:297:6 A form label must be associated with a control
https://svelte.dev/e/a11y_label_has_associated_control
295:           </div>
296:           <div>
297:             <label class="block text-xs font-bold text-slate-500 mb-1.5 uppercase tracking-wider">Área Terreno (m2)</label>
                                                                                                                                ^
298:             <input type="number" value={proyecto.area_terreno || ''} class="w-full px-4 py-2.5 bg-slate-50 border border-slate-200 rounded-xl focus:bg-white focus:ring-2 focus:ring-orange-500 focus:border-orange-500 outline-none transition-all text-sm font-medium text-slate-800" />
299:           </div>
10:04:40 p. m. [vite-plugin-svelte] src/routes/(app)/proyectos/gestion/[id]/+page.svelte:301:6 A form label must be associated with a control
https://svelte.dev/e/a11y_label_has_associated_control
299:           </div>
300:           <div>
301:             <label class="block text-xs font-bold text-slate-500 mb-1.5 uppercase tracking-wider">Área Construida (m2)</label>
                                                                                                                                   ^
302:             <input type="number" value={proyecto.area_construida || ''} class="w-full px-4 py-2.5 bg-slate-50 border border-slate-200 rounded-xl focus:bg-white focus:ring-2 focus:ring-orange-500 focus:border-orange-500 outline-none transition-all text-sm font-medium text-slate-800" />
303:           </div>
10:04:40 p. m. [vite-plugin-svelte] src/routes/(app)/proyectos/gestion/[id]/+page.svelte:309:6 A form label must be associated with a control
https://svelte.dev/e/a11y_label_has_associated_control
307:         <div class="grid grid-cols-1 md:grid-cols-2 gap-6">
308:           <div>
309:             <label class="block text-xs font-bold text-slate-500 mb-1.5 uppercase tracking-wider">Contrato URL</label>
                                                                                                                           ^
310:             <input type="text" value={proyecto.contrato || ''} class="w-full px-4 py-2.5 bg-slate-50 border border-slate-200 rounded-xl focus:bg-white focus:ring-2 focus:ring-orange-500 focus:border-orange-500 outline-none transition-all text-sm font-medium text-slate-800" />
311:           </div>
10:04:40 p. m. [vite-plugin-svelte] src/routes/(app)/proyectos/gestion/[id]/+page.svelte:313:6 A form label must be associated with a control
https://svelte.dev/e/a11y_label_has_associated_control
311:           </div>
312:           <div>
313:             <label class="block text-xs font-bold text-slate-500 mb-1.5 uppercase tracking-wider">Asesor Comercial ID</label>
                                                                                                                                  ^
314:             <input type="text" value={proyecto.asesor_comercial_id || ''} class="w-full px-4 py-2.5 bg-slate-50 border border-slate-200 rounded-xl focus:bg-white focus:ring-2 focus:ring-orange-500 focus:border-orange-500 outline-none transition-all text-sm font-medium text-slate-800" />
315:           </div>
10:04:40 p. m. [vite-plugin-svelte] src/routes/(app)/proyectos/gestion/[id]/+page.svelte:317:6 A form label must be associated with a control
https://svelte.dev/e/a11y_label_has_associated_control
315:           </div>
316:           <div>
317:             <label class="block text-xs font-bold text-slate-500 mb-1.5 uppercase tracking-wider">Comisión Asesor (%)</label>
                                                                                                                                  ^
318:             <input type="number" value={proyecto.comision_asesor || ''} class="w-full px-4 py-2.5 bg-slate-50 border border-slate-200 rounded-xl focus:bg-white focus:ring-2 focus:ring-orange-500 focus:border-orange-500 outline-none transition-all text-sm font-medium text-slate-800" />
319:           </div>
10:04:40 p. m. [vite-plugin-svelte] src/routes/(app)/proyectos/gestion/[id]/+page.svelte:321:6 A form label must be associated with a control
https://svelte.dev/e/a11y_label_has_associated_control
319:           </div>
320:           <div>
321:             <label class="block text-xs font-bold text-slate-500 mb-1.5 uppercase tracking-wider">Presupuesto Inicial</label>
                                                                                                                                  ^
322:             <input type="text" value={proyecto.id_pres_inicial ?? ''} class="w-full px-4 py-2.5 bg-slate-50 border border-slate-200 rounded-xl focus:bg-white focus:ring-2 focus:ring-orange-500 focus:border-orange-500 outline-none transition-all text-sm font-medium text-slate-800" />
323:           </div>
10:04:40 p. m. [vite-plugin-svelte] src/routes/(app)/proyectos/gestion/[id]/+page.svelte:325:6 A form label must be associated with a control
https://svelte.dev/e/a11y_label_has_associated_control
323:           </div>
324:           <div>
325:             <label class="block text-xs font-bold text-slate-500 mb-1.5 uppercase tracking-wider">Presupuesto Final</label>
                                                                                                                                ^
326:             <input type="text" value={proyecto.id_pres_final ?? ''} class="w-full px-4 py-2.5 bg-slate-50 border border-slate-200 rounded-xl focus:bg-white focus:ring-2 focus:ring-orange-500 focus:border-orange-500 outline-none transition-all text-sm font-medium text-slate-800" />
327:           </div>
10:04:40 p. m. [vite-plugin-svelte] src/routes/(app)/proyectos/gestion/[id]/+page.svelte:329:6 A form label must be associated with a control
https://svelte.dev/e/a11y_label_has_associated_control
327:           </div>
328:           <div class="md:col-span-2">
329:             <label class="block text-xs font-bold text-slate-500 mb-1.5 uppercase tracking-wider">Usuario Registro</label>
                                                                                                                               ^
330:             <input type="text" value={proyecto.usuario_registro || ''} class="w-full px-4 py-2.5 bg-slate-50 border border-slate-200 rounded-xl focus:bg-white focus:ring-2 focus:ring-orange-500 focus:border-orange-500 outline-none transition-all text-sm font-medium text-slate-800" />
331:           </div>
10:04:40 p. m. [vite-plugin-svelte] src/routes/(app)/proyectos/gestion/[id]/+page.svelte:337:6 A form label must be associated with a control
https://svelte.dev/e/a11y_label_has_associated_control
335:         <div class="grid grid-cols-1 md:grid-cols-3 gap-6">
336:           <div>
337:             <label class="block text-xs font-bold text-slate-500 mb-1.5 uppercase tracking-wider">Estado Proyecto</label>
                                                                                                                              ^
338:             <input type="text" value={proyecto.estado_proyecto || ''} class="w-full px-4 py-2.5 bg-slate-50 border border-slate-200 rounded-xl focus:bg-white focus:ring-2 focus:ring-orange-500 focus:border-orange-500 outline-none transition-all text-sm font-medium text-slate-800" />
339:           </div>
10:04:40 p. m. [vite-plugin-svelte] src/routes/(app)/proyectos/gestion/[id]/+page.svelte:341:6 A form label must be associated with a control
https://svelte.dev/e/a11y_label_has_associated_control
339:           </div>
340:           <div>
341:             <label class="block text-xs font-bold text-slate-500 mb-1.5 uppercase tracking-wider">Creado</label>
                                                                                                                     ^
342:             <input type="text" value={proyecto.created_at || ''} disabled class="w-full px-4 py-2.5 bg-slate-100 border border-slate-200 rounded-xl text-slate-500 text-sm" />
343:           </div>
10:04:40 p. m. [vite-plugin-svelte] src/routes/(app)/proyectos/gestion/[id]/+page.svelte:345:6 A form label must be associated with a control
https://svelte.dev/e/a11y_label_has_associated_control
343:           </div>
344:           <div>
345:             <label class="block text-xs font-bold text-slate-500 mb-1.5 uppercase tracking-wider">Actualizado</label>
                                                                                                                          ^
346:             <input type="text" value={proyecto.updated_at || ''} disabled class="w-full px-4 py-2.5 bg-slate-100 border border-slate-200 rounded-xl text-slate-500 text-sm" />
347:           </div>
10:04:40 p. m. [vite-plugin-svelte] src/routes/(app)/proyectos/gestion/[id]/+page.svelte:391:9 Buttons and links should either contain text or have an `aria-label`, `aria-labelledby` or `title` attribute
https://svelte.dev/e/a11y_consider_explicit_label
389:                 <td class="p-4 text-right font-bold text-slate-700">376.25</td>
390:                 <td class="p-4 text-center">
391:                   <button class="w-8 h-8 rounded bg-white border border-slate-200 hover:border-rose-300 hover:bg-rose-50 hover:text-rose-600 text-slate-400 transition-colors shadow-sm">
                                ^
392:                     <i class="fas fa-trash-alt text-xs"></i>
393:                   </button>
10:04:40 p. m. [vite-plugin-svelte] src/routes/(app)/proyectos/gestion/[id]/+page.svelte:408:9 Buttons and links should either contain text or have an `aria-label`, `aria-labelledby` or `title` attribute
https://svelte.dev/e/a11y_consider_explicit_label
406:                 <td class="p-4 text-right font-bold text-slate-700">2,034.00</td>
407:                 <td class="p-4 text-center">
408:                   <button class="w-8 h-8 rounded bg-white border border-slate-200 hover:border-rose-300 hover:bg-rose-50 hover:text-rose-600 text-slate-400 transition-colors shadow-sm">
                                ^
409:                     <i class="fas fa-trash-alt text-xs"></i>
410:                   </button>
10:04:40 p. m. [vite-plugin-svelte] src/routes/(app)/iam/roles-permisos/+page.svelte:324:4 Buttons and links should either contain text or have an `aria-label`, `aria-labelledby` or `title` attribute
https://svelte.dev/e/a11y_consider_explicit_label
322:           <h3 class="font-bold text-slate-800 text-base">{editingRoleId ? 'Editar Rol' : 'Crear Nuevo Rol'}</h3>
323:         </div>
324:         <button onclick={() => isRoleModalOpen = false} class="text-slate-400 hover:text-slate-600 text-lg p-1">
                      ^
325:           <i class="fas fa-times"></i>
326:         </button>
10:04:40 p. m. [vite-plugin-svelte] src/routes/(app)/iam/roles-permisos/+page.svelte:338:5 A form label must be associated with a control
https://svelte.dev/e/a11y_label_has_associated_control
336: 
337:         <div>
338:           <label class="block text-xs font-semibold text-slate-600 mb-1">Nombre del Rol *</label>
                                                                                                      ^
339:           <input type="text" bind:value={nuevoRolNombre} placeholder="ej. supervisor" disabled={editingRoleId && nuevoRolNombre === 'administrador'} required class="w-full px-3 py-2 bg-slate-50 border border-slate-200 rounded-xl focus:ring-2 focus:ring-blue-500 focus:border-blue-500 focus:bg-white outline-none transition-all text-sm disabled:opacity-50" />
340:           <p class="text-[10px] text-slate-400 mt-1">Se guardará en minúsculas. Evita espacios.</p>
10:04:40 p. m. [vite-plugin-svelte] src/routes/(app)/iam/roles-permisos/+page.svelte:343:5 A form label must be associated with a control
https://svelte.dev/e/a11y_label_has_associated_control
341:         </div>
342:         <div>
343:           <label class="block text-xs font-semibold text-slate-600 mb-1">Descripción</label>
                                                                                                 ^
344:           <textarea bind:value={nuevoRolDescripcion} placeholder="Breve descripción de las responsabilidades..." rows="3" class="w-full px-3 py-2 bg-slate-50 border border-slate-200 rounded-xl focus:ring-2 focus:ring-blue-500 focus:border-blue-500 focus:bg-white outline-none transition-all text-sm resize-none"></textarea>
345:         </div>
10:04:40 p. m. [vite-plugin-svelte] src/routes/(app)/proyectos/partidas/+page.svelte:145:31 `a11y-no-static-element-interactions` is no longer valid — please use `a11y_no_static_element_interactions` instead
https://svelte.dev/e/legacy_code
143:         {#if showLeftDrawer || showRightDrawer}
144:             <!-- svelte-ignore a11y-click-events-have-key-events -->
145:             <!-- svelte-ignore a11y-no-static-element-interactions -->
                                                                       ^
146:             <div role="button" tabindex="0" class="fixed inset-0 bg-black/20 z-0 md:hidden" onclick={() => {showLeftDrawer = false; showRightDrawer = false;}}></div>
147:         {/if}
10:04:40 p. m. [vite-plugin-svelte] src/routes/(app)/proyectos/partidas/+page.svelte:144:31 `a11y-click-events-have-key-events` is no longer valid — please use `a11y_click_events_have_key_events` instead
https://svelte.dev/e/legacy_code
142:         <!-- Mobile overlay background -->
143:         {#if showLeftDrawer || showRightDrawer}
144:             <!-- svelte-ignore a11y-click-events-have-key-events -->
                                                                     ^
145:             <!-- svelte-ignore a11y-no-static-element-interactions -->
146:             <div role="button" tabindex="0" class="fixed inset-0 bg-black/20 z-0 md:hidden" onclick={() => {showLeftDrawer = false; showRightDrawer = false;}}></div>
10:04:40 p. m. [vite-plugin-svelte] src/routes/(app)/proyectos/partidas/+page.svelte:146:12 Visible, non-interactive elements with a click event must be accompanied by a keyboard event handler. Consider whether an interactive element such as `<button type="button">` or `<a>` might be more appropriate
https://svelte.dev/e/a11y_click_events_have_key_events
144:             <!-- svelte-ignore a11y-click-events-have-key-events -->
145:             <!-- svelte-ignore a11y-no-static-element-interactions -->
146:             <div role="button" tabindex="0" class="fixed inset-0 bg-black/20 z-0 md:hidden" onclick={() => {showLeftDrawer = false; showRightDrawer = false;}}></div>
                                                                                                                                                                          ^
147:         {/if}
148:     </main>
10:04:40 p. m. [vite-plugin-svelte] src/routes/(app)/iam/empleados/+page.svelte:524:4 Buttons and links should either contain text or have an `aria-label`, `aria-labelledby` or `title` attribute
https://svelte.dev/e/a11y_consider_explicit_label
522:           <h3 class="font-bold text-slate-800 text-base">{editingEmpleadoId ? 'Editar Empleado' : 'Registrar Nuevo Empleado'}</h3>
523:         </div>
524:         <button onclick={() => { isModalOpen = false; resetForm(); }} class="text-slate-400 hover:text-slate-600 text-lg p-1">
                      ^
525:           <i class="fas fa-times"></i>
526:         </button>
10:04:40 p. m. [vite-plugin-svelte] src/routes/(app)/iam/empleados/+page.svelte:549:7 A form label must be associated with a control
https://svelte.dev/e/a11y_label_has_associated_control
547:           <div class="grid grid-cols-1 sm:grid-cols-2 gap-4">
548:             <div>
549:               <label class="block text-xs font-semibold text-slate-600 mb-1">Nombre Completo *</label>
                                                                                                           ^
550:               <input type="text" bind:value={nuevoNombre} oninput={onInputChange} placeholder="Nombre y Apellidos" required class="w-full px-3 py-2 bg-slate-50 border border-slate-200 rounded-xl focus:ring-2 focus:ring-blue-500 focus:border-blue-500 focus:bg-white outline-none transition-all text-sm" />
551:             </div>
10:04:40 p. m. [vite-plugin-svelte] src/routes/(app)/iam/empleados/+page.svelte:553:7 A form label must be associated with a control
https://svelte.dev/e/a11y_label_has_associated_control
551:             </div>
552:             <div>
553:               <label class="block text-xs font-semibold text-slate-600 mb-1">Teléfono</label>
                                                                                                  ^
554:               <input type="text" bind:value={nuevoTelefono} oninput={onInputChange} placeholder="987654321" class="w-full px-3 py-2 bg-slate-50 border border-slate-200 rounded-xl focus:ring-2 focus:ring-blue-500 focus:border-blue-500 focus:bg-white outline-none transition-all text-sm" />
555:             </div>
10:04:40 p. m. [vite-plugin-svelte] src/routes/(app)/iam/empleados/+page.svelte:558:6 A form label must be associated with a control
https://svelte.dev/e/a11y_label_has_associated_control
556:           </div>
557:           <div class="mt-4">
558:             <label class="block text-xs font-semibold text-slate-600 mb-1">
                         ^
559:               Correo Electronico * 
560:               {#if editingEmpleadoId}
10:04:40 p. m. [vite-plugin-svelte] src/routes/(app)/iam/empleados/+page.svelte:578:7 A form label must be associated with a control
https://svelte.dev/e/a11y_label_has_associated_control
576:           <div class="grid grid-cols-1 sm:grid-cols-2 gap-4">
577:             <div>
578:               <label class="block text-xs font-semibold text-slate-600 mb-1">Rol de Acceso</label>
                                                                                                       ^
579:               <select bind:value={nuevoRolId} onchange={onInputChange} class="w-full px-3 py-2 bg-slate-50 border border-slate-200 rounded-xl focus:ring-2 focus:ring-blue-500 focus:border-blue-500 focus:bg-white outline-none transition-all text-sm">
580:                 <option value={null}>Sin Rol / Acceso Restringido</option>
10:04:40 p. m. [vite-plugin-svelte] src/routes/(app)/iam/empleados/+page.svelte:587:7 A form label must be associated with a control
https://svelte.dev/e/a11y_label_has_associated_control
585:             </div>
586:             <div>
587:               <label class="block text-xs font-semibold text-slate-600 mb-1">Área / Departamento</label>
                                                                                                             ^
588:               <select bind:value={nuevoAreaId} onchange={onInputChange} class="w-full px-3 py-2 bg-slate-50 border border-slate-200 rounded-xl focus:ring-2 focus:ring-blue-500 focus:border-blue-500 focus:bg-white outline-none transition-all text-sm">
589:                 <option value={null}>Sin Área Asignada</option>
10:04:40 p. m. [vite-plugin-svelte] src/routes/(app)/iam/empleados/+page.svelte:603:7 A form label must be associated with a control
https://svelte.dev/e/a11y_label_has_associated_control
601:           <div class="grid grid-cols-1 sm:grid-cols-2 gap-4">
602:             <div>
603:               <label class="block text-xs font-semibold text-slate-600 mb-1">Fecha de Ingreso *</label>
                                                                                                            ^
604:               <input type="date" bind:value={nuevaFechaIngreso} onchange={onInputChange} required class="w-full px-3 py-2 bg-slate-50 border border-slate-200 rounded-xl focus:ring-2 focus:ring-blue-500 focus:border-blue-500 focus:bg-white outline-none transition-all text-sm" />
605:             </div>
10:04:40 p. m. [vite-plugin-svelte] src/routes/(app)/iam/empleados/+page.svelte:607:7 A form label must be associated with a control
https://svelte.dev/e/a11y_label_has_associated_control
605:             </div>
606:             <div>
607:               <label class="block text-xs font-semibold text-slate-600 mb-1">Nivel Laboral</label>
                                                                                                       ^
608:               <input type="text" bind:value={nuevoNivel} oninput={onInputChange} placeholder="Junior, Senior, Practicante..." class="w-full px-3 py-2 bg-slate-50 border border-slate-200 rounded-xl focus:ring-2 focus:ring-blue-500 focus:border-blue-500 focus:bg-white outline-none transition-all text-sm" />
609:             </div>
10:04:41 p. m. [vite-plugin-svelte] src/lib/components/comercial/ventas/VentasTable.svelte:91:3 A form label must be associated with a control
https://svelte.dev/e/a11y_label_has_associated_control
89:   <div class="p-4 border-b border-slate-100 flex flex-wrap items-center gap-4">
90:     <div class="flex flex-col gap-1 min-w-[140px] flex-1 md:flex-none">
91:       <label class="text-[10px] font-bold text-slate-500 uppercase tracking-wide">Proyecto</label>
                                                                                                      ^
92:       <select bind:value={filtroProyecto} class="text-sm px-3 py-2 bg-slate-50 border border-slate-200 rounded-lg outline-none focus:ring-2 focus:ring-blue-500 text-slate-700">
93:         <option value="Todos">Todos los proyectos</option>
10:04:41 p. m. [vite-plugin-svelte] src/lib/components/comercial/ventas/VentasTable.svelte:100:3 A form label must be associated with a control
https://svelte.dev/e/a11y_label_has_associated_control
 98:     </div>
 99:     <div class="flex flex-col gap-1 min-w-[120px] flex-1 md:flex-none">
100:       <label class="text-[10px] font-bold text-slate-500 uppercase tracking-wide">Tipo proyecto</label>
                                                                                                            ^
101:       <select bind:value={filtroTipo} class="text-sm px-3 py-2 bg-slate-50 border border-slate-200 rounded-lg outline-none focus:ring-2 focus:ring-blue-500 text-slate-700">
102:         <option value="Todos">Todos</option>
10:04:41 p. m. [vite-plugin-svelte] src/lib/components/comercial/ventas/VentasTable.svelte:109:3 A form label must be associated with a control
https://svelte.dev/e/a11y_label_has_associated_control
107:     </div>
108:     <div class="flex flex-col gap-1 min-w-[140px] flex-1 md:flex-none">
109:       <label class="text-[10px] font-bold text-slate-500 uppercase tracking-wide">Asesor</label>
                                                                                                     ^
110:       <select bind:value={filtroAsesor} class="text-sm px-3 py-2 bg-slate-50 border border-slate-200 rounded-lg outline-none focus:ring-2 focus:ring-blue-500 text-slate-700">
111:         <option value="Todos">Todos</option>
10:04:41 p. m. [vite-plugin-svelte] src/lib/components/comercial/ventas/VentasTable.svelte:118:3 A form label must be associated with a control
https://svelte.dev/e/a11y_label_has_associated_control
116:     </div>
117:     <div class="flex flex-col gap-1 min-w-[130px] flex-1 md:flex-none">
118:       <label class="text-[10px] font-bold text-slate-500 uppercase tracking-wide">Fecha desde</label>
                                                                                                          ^
119:       <input type="date" bind:value={fechaDesde} class="text-sm px-3 py-2 bg-slate-50 border border-slate-200 rounded-lg outline-none focus:ring-2 focus:ring-blue-500 text-slate-700 w-full" />
120:     </div>
10:04:41 p. m. [vite-plugin-svelte] src/lib/components/comercial/ventas/VentasTable.svelte:122:3 A form label must be associated with a control
https://svelte.dev/e/a11y_label_has_associated_control
120:     </div>
121:     <div class="flex flex-col gap-1 min-w-[130px] flex-1 md:flex-none">
122:       <label class="text-[10px] font-bold text-slate-500 uppercase tracking-wide">Fecha hasta</label>
                                                                                                          ^
123:       <input type="date" bind:value={fechaHasta} class="text-sm px-3 py-2 bg-slate-50 border border-slate-200 rounded-lg outline-none focus:ring-2 focus:ring-blue-500 text-slate-700 w-full" />
124:     </div>
10:04:41 p. m. [vite-plugin-svelte] src/lib/components/comercial/ventas/VentasTable.svelte:16:5 `filtroProyecto` is updated, but is not declared with `$state(...)`. Changing its value will not correctly trigger updates
https://svelte.dev/e/non_reactive_update
14:   ] } = $props<{ data?: any[] }>();
15: 
16:   let filtroProyecto = 'Todos';
                        ^
17:   let filtroTipo = 'Todos';
18:   let filtroAsesor = 'Todos';
10:04:41 p. m. [vite-plugin-svelte] src/lib/components/comercial/ventas/VentasTable.svelte:17:5 `filtroTipo` is updated, but is not declared with `$state(...)`. Changing its value will not correctly trigger updates
https://svelte.dev/e/non_reactive_update
15: 
16:   let filtroProyecto = 'Todos';
17:   let filtroTipo = 'Todos';
                    ^
18:   let filtroAsesor = 'Todos';
19:   let fechaDesde = '';
10:04:41 p. m. [vite-plugin-svelte] src/lib/components/comercial/ventas/VentasTable.svelte:18:5 `filtroAsesor` is updated, but is not declared with `$state(...)`. Changing its value will not correctly trigger updates
https://svelte.dev/e/non_reactive_update
16:   let filtroProyecto = 'Todos';
17:   let filtroTipo = 'Todos';
18:   let filtroAsesor = 'Todos';
                      ^
19:   let fechaDesde = '';
20:   let fechaHasta = '';
10:04:41 p. m. [vite-plugin-svelte] src/lib/components/comercial/ventas/VentasTable.svelte:19:5 `fechaDesde` is updated, but is not declared with `$state(...)`. Changing its value will not correctly trigger updates
https://svelte.dev/e/non_reactive_update
17:   let filtroTipo = 'Todos';
18:   let filtroAsesor = 'Todos';
19:   let fechaDesde = '';
                    ^
20:   let fechaHasta = '';
21: 
10:04:41 p. m. [vite-plugin-svelte] src/lib/components/comercial/ventas/VentasTable.svelte:20:5 `fechaHasta` is updated, but is not declared with `$state(...)`. Changing its value will not correctly trigger updates
https://svelte.dev/e/non_reactive_update
18:   let filtroAsesor = 'Todos';
19:   let fechaDesde = '';
20:   let fechaHasta = '';
                    ^
21: 
22:   function getProyectosDisponibles() {
10:04:41 p. m. [vite-plugin-svelte] src/lib/components/comercial/ventas/VentasCharts.svelte:41:10 This reference only captures the initial value of `ventasPorMes`. Did you mean to reference it inside a closure instead?
https://svelte.dev/e/state_referenced_locally
39:       {
40:         label: 'Ventas',
41:         data: ventasPorMes,
                              ^
42:         fill: true,
43:         backgroundColor: 'rgba(59, 130, 246, 0.1)', // blue-500 with opacity
10:04:41 p. m. [vite-plugin-svelte] src/lib/components/comercial/ventas/VentasCharts.svelte:85:10 This reference only captures the initial value of `ventasVsPropuestas`. Did you mean to reference it inside a closure instead?
https://svelte.dev/e/state_referenced_locally
83:       {
84:         label: 'Ventas',
85:         data: ventasVsPropuestas.ventas,
                                    ^
86:         backgroundColor: '#3b82f6', // blue-500
87:         borderRadius: 2
10:04:41 p. m. [vite-plugin-svelte] src/lib/components/comercial/ventas/VentasCharts.svelte:91:10 This reference only captures the initial value of `ventasVsPropuestas`. Did you mean to reference it inside a closure instead?
https://svelte.dev/e/state_referenced_locally
89:       {
90:         label: 'Propuestas',
91:         data: ventasVsPropuestas.propuestas,
                                    ^
92:         backgroundColor: '#94a3b8', // slate-400
93:         borderRadius: 2
10:04:41 p. m. [vite-plugin-svelte] src/lib/components/comercial/ventas/VentasCharts.svelte:127:10 This reference only captures the initial value of `comisionesPorMes`. Did you mean to reference it inside a closure instead?
https://svelte.dev/e/state_referenced_locally
125:       {
126:         label: 'Comisiones',
127:         data: comisionesPorMes,
                                   ^
128:         fill: true,
129:         backgroundColor: 'rgba(16, 185, 129, 0.1)', // emerald-500
10:04:41 p. m. [vite-plugin-svelte] src/lib/components/comercial/clientes/ClientesTable.svelte:182:9 Buttons and links should either contain text or have an `aria-label`, `aria-labelledby` or `title` attribute
https://svelte.dev/e/a11y_consider_explicit_label
180:                 <div class="relative flex items-center gap-2">
181:                   <span>Razón Social / Nombre</span>
182:                   <button onclick={() => toggleColumnFilter('nombre')} class="text-slate-400 hover:text-blue-600 transition-colors">
                                ^
183:                     <i class="fas fa-filter"></i>
184:                   </button>
10:04:41 p. m. [vite-plugin-svelte] src/lib/components/comercial/clientes/ClientesTable.svelte:206:9 Buttons and links should either contain text or have an `aria-label`, `aria-labelledby` or `title` attribute
https://svelte.dev/e/a11y_consider_explicit_label
204:                 <div class="relative flex items-center gap-2">
205:                   <span>Tipo</span>
206:                   <button onclick={() => toggleColumnFilter('tipo')} class="text-slate-400 hover:text-blue-600 transition-colors">
                                ^
207:                     <i class="fas fa-filter"></i>
208:                   </button>
10:04:41 p. m. [vite-plugin-svelte] src/lib/components/comercial/clientes/ClientesTable.svelte:230:9 Buttons and links should either contain text or have an `aria-label`, `aria-labelledby` or `title` attribute
https://svelte.dev/e/a11y_consider_explicit_label
228:                 <div class="relative flex items-center gap-2">
229:                   <span>Documento</span>
230:                   <button onclick={() => toggleColumnFilter('documento')} class="text-slate-400 hover:text-blue-600 transition-colors">
                                ^
231:                     <i class="fas fa-filter"></i>
232:                   </button>
10:04:41 p. m. [vite-plugin-svelte] src/lib/components/comercial/clientes/ClientesTable.svelte:254:9 Buttons and links should either contain text or have an `aria-label`, `aria-labelledby` or `title` attribute
https://svelte.dev/e/a11y_consider_explicit_label
252:                 <div class="relative flex items-center gap-2">
253:                   <span>Contacto</span>
254:                   <button onclick={() => toggleColumnFilter('contacto')} class="text-slate-400 hover:text-blue-600 transition-colors">
                                ^
255:                     <i class="fas fa-filter"></i>
256:                   </button>
10:04:41 p. m. [vite-plugin-svelte] src/lib/components/comercial/clientes/ClientesTable.svelte:8:5 `searchTerm` is updated, but is not declared with `$state(...)`. Changing its value will not correctly trigger updates
https://svelte.dev/e/non_reactive_update
 6:   }>();
 7: 
 8:   let searchTerm = '';
                    ^
 9:   let tipoFilter = 'Todos';
10:   let activeFilterColumn: string | null = null;
10:04:41 p. m. [vite-plugin-svelte] src/lib/components/comercial/clientes/ClientesTable.svelte:9:5 `tipoFilter` is updated, but is not declared with `$state(...)`. Changing its value will not correctly trigger updates
https://svelte.dev/e/non_reactive_update
 7: 
 8:   let searchTerm = '';
 9:   let tipoFilter = 'Todos';
                    ^
10:   let activeFilterColumn: string | null = null;
11:   let showColumnPanel = false;
10:04:41 p. m. [vite-plugin-svelte] src/lib/components/comercial/clientes/ClientesTable.svelte:10:5 `activeFilterColumn` is updated, but is not declared with `$state(...)`. Changing its value will not correctly trigger updates
https://svelte.dev/e/non_reactive_update
 8:   let searchTerm = '';
 9:   let tipoFilter = 'Todos';
10:   let activeFilterColumn: string | null = null;
                                           ^
11:   let showColumnPanel = false;
12:   let visibleColumns = {
10:04:41 p. m. [vite-plugin-svelte] src/lib/components/comercial/clientes/ClientesTable.svelte:11:5 `showColumnPanel` is updated, but is not declared with `$state(...)`. Changing its value will not correctly trigger updates
https://svelte.dev/e/non_reactive_update
 9:   let tipoFilter = 'Todos';
10:   let activeFilterColumn: string | null = null;
11:   let showColumnPanel = false;
                         ^
12:   let visibleColumns = {
13:     nombre: true,
10:04:41 p. m. [vite-plugin-svelte] src/lib/components/comercial/clientes/ClienteModal.svelte:105:4 Buttons and links should either contain text or have an `aria-label`, `aria-labelledby` or `title` attribute
https://svelte.dev/e/a11y_consider_explicit_label
103:           {clienteEdit ? 'Editar Cliente' : 'Nuevo Cliente'}
104:         </h2>
105:         <button on:click={onClose} disabled={isSaving} class="text-slate-400 hover:text-slate-600 transition-colors p-2 rounded-full hover:bg-slate-100 disabled:opacity-50">
                      ^
106:           <i class="fas fa-times text-lg"></i>
107:         </button>
10:04:41 p. m. [vite-plugin-svelte] src/lib/components/comercial/clientes/ClienteModal.svelte:105:12 Using `on:click` to listen to the click event is deprecated. Use the event attribute `onclick` instead
https://svelte.dev/e/event_directive_deprecated
103:           {clienteEdit ? 'Editar Cliente' : 'Nuevo Cliente'}
104:         </h2>
105:         <button on:click={onClose} disabled={isSaving} class="text-slate-400 hover:text-slate-600 transition-colors p-2 rounded-full hover:bg-slate-100 disabled:opacity-50">
                                       ^
106:           <i class="fas fa-times text-lg"></i>
107:         </button>
10:04:41 p. m. [vite-plugin-svelte] src/lib/components/comercial/clientes/ClienteModal.svelte:123:7 A form label must be associated with a control
https://svelte.dev/e/a11y_label_has_associated_control
121:           <div class="grid grid-cols-1 md:grid-cols-2 gap-4">
122:             <div class="flex flex-col gap-1 md:col-span-1">
123:               <label class="text-xs font-semibold text-slate-600">Tipo de Persona *</label>
                                                                                                ^
124:               <select bind:value={tipPersona} disabled={isSaving} class="px-3 py-2.5 bg-slate-50 border border-slate-200 rounded-lg text-sm focus:ring-2 focus:ring-blue-500 outline-none transition-all">
125:                 <option value="J">Jurídica (Empresa)</option>
10:04:41 p. m. [vite-plugin-svelte] src/lib/components/comercial/clientes/ClienteModal.svelte:131:7 A form label must be associated with a control
https://svelte.dev/e/a11y_label_has_associated_control
129: 
130:             <div class="flex flex-col gap-1 md:col-span-1">
131:               <label class="text-xs font-semibold text-slate-600">Tipo de Documento *</label>
                                                                                                  ^
132:               <select bind:value={tipoDoc} disabled={isSaving} class="px-3 py-2.5 bg-slate-50 border border-slate-200 rounded-lg text-sm focus:ring-2 focus:ring-blue-500 outline-none transition-all">
133:                 <option value="RUC">RUC</option>
10:04:41 p. m. [vite-plugin-svelte] src/lib/components/comercial/clientes/ClienteModal.svelte:140:7 A form label must be associated with a control
https://svelte.dev/e/a11y_label_has_associated_control
138: 
139:             <div class="flex flex-col gap-1 md:col-span-2">
140:               <label class="text-xs font-semibold text-slate-600">{tipPersona === 'J' ? 'Razón Social' : 'Nombre Completo'} *</label>
                                                                                                                                          ^
141:               <input type="text" bind:value={nombre} disabled={isSaving} placeholder={tipPersona === 'J' ? "Ej. Constructora ABC S.A.C." : "Ej. Juan Pérez"} class="px-3 py-2.5 bg-slate-50 border border-slate-200 rounded-lg text-sm focus:ring-2 focus:ring-blue-500 outline-none transition-all">
142:             </div>
10:04:41 p. m. [vite-plugin-svelte] src/lib/components/comercial/clientes/ClienteModal.svelte:145:7 A form label must be associated with a control
https://svelte.dev/e/a11y_label_has_associated_control
143: 
144:             <div class="flex flex-col gap-1 md:col-span-2">
145:               <label class="text-xs font-semibold text-slate-600">Nº de Documento ({tipoDoc}) *</label>
                                                                                                            ^
146:               <input type="text" bind:value={numDocumento} disabled={isSaving} placeholder="Ej. 20123456789" class="px-3 py-2.5 bg-slate-50 border border-slate-200 rounded-lg text-sm focus:ring-2 focus:ring-blue-500 outline-none transition-all">
147:             </div>
10:04:41 p. m. [vite-plugin-svelte] src/lib/components/comercial/clientes/ClienteModal.svelte:150:7 A form label must be associated with a control
https://svelte.dev/e/a11y_label_has_associated_control
148: 
149:             <div class="flex flex-col gap-1 md:col-span-2">
150:               <label class="text-xs font-semibold text-slate-600">Dirección</label>
                                                                                        ^
151:               <input type="text" bind:value={direccion} disabled={isSaving} placeholder="Ej. Av. Javier Prado 123, San Isidro" class="px-3 py-2.5 bg-slate-50 border border-slate-200 rounded-lg text-sm focus:ring-2 focus:ring-blue-500 outline-none transition-all">
152:             </div>
10:04:41 p. m. [vite-plugin-svelte] src/lib/components/comercial/clientes/ClienteModal.svelte:155:7 A form label must be associated with a control
https://svelte.dev/e/a11y_label_has_associated_control
153: 
154:             <div class="flex flex-col gap-1 md:col-span-1">
155:               <label class="text-xs font-semibold text-slate-600">Teléfono</label>
                                                                                       ^
156:               <input type="text" bind:value={telefono} disabled={isSaving} placeholder="Ej. 987654321" class="px-3 py-2.5 bg-slate-50 border border-slate-200 rounded-lg text-sm focus:ring-2 focus:ring-blue-500 outline-none transition-all">
157:             </div>
10:04:41 p. m. [vite-plugin-svelte] src/lib/components/comercial/clientes/ClienteModal.svelte:160:7 A form label must be associated with a control
https://svelte.dev/e/a11y_label_has_associated_control
158: 
159:             <div class="flex flex-col gap-1 md:col-span-1">
160:               <label class="text-xs font-semibold text-slate-600">Correo Electrónico</label>
                                                                                                 ^
161:               <input type="email" bind:value={email} disabled={isSaving} placeholder="Ej. contacto@empresa.com" class="px-3 py-2.5 bg-slate-50 border border-slate-200 rounded-lg text-sm focus:ring-2 focus:ring-blue-500 outline-none transition-all">
162:             </div>
10:04:41 p. m. [vite-plugin-svelte] src/lib/components/comercial/clientes/ClienteModal.svelte:170:12 Using `on:click` to listen to the click event is deprecated. Use the event attribute `onclick` instead
https://svelte.dev/e/event_directive_deprecated
168:       <!-- Footer -->
169:       <div class="p-6 border-t border-slate-100 bg-slate-50 rounded-b-2xl flex justify-end gap-3">
170:         <button on:click={onClose} disabled={isSaving} class="px-5 py-2.5 bg-white border border-slate-200 text-slate-600 rounded-xl hover:bg-slate-50 hover:text-slate-800 font-medium text-sm transition-colors shadow-sm disabled:opacity-50">
                                       ^
171:           Cancelar
172:         </button>
10:04:41 p. m. [vite-plugin-svelte] src/lib/components/comercial/clientes/ClienteModal.svelte:173:12 Using `on:click` to listen to the click event is deprecated. Use the event attribute `onclick` instead
https://svelte.dev/e/event_directive_deprecated
171:           Cancelar
172:         </button>
173:         <button on:click={handleGuardar} disabled={isSaving} class="px-6 py-2.5 bg-blue-600 text-white rounded-xl hover:bg-blue-700 font-medium text-sm shadow-md shadow-blue-600/20 active:scale-[0.98] transition-all flex items-center gap-2 disabled:opacity-50 disabled:active:scale-100">
                                             ^
174:           {#if isSaving}
175:             <i class="fas fa-spinner fa-spin"></i> Guardando...
10:04:41 p. m. [vite-plugin-svelte] src/lib/components/comercial/ventas/NuevaVentaModal.svelte:429:12 Using `on:click` to listen to the click event is deprecated. Use the event attribute `onclick` instead
https://svelte.dev/e/event_directive_deprecated
427:       <div class="flex items-center justify-between p-6 border-b border-slate-100 sticky top-0 bg-white rounded-t-2xl z-10">
428:         <h2 class="text-xl font-bold text-slate-800">Nueva venta</h2>
429:         <button on:click={onClose} aria-label="Cerrar modal" class="text-slate-400 hover:text-slate-600 transition-colors p-2 rounded-full hover:bg-slate-100">
                                       ^
430:           <i class="fas fa-times text-lg"></i>
431:         </button>
10:04:41 p. m. [vite-plugin-svelte] src/lib/components/comercial/ventas/NuevaVentaModal.svelte:446:8 A form label must be associated with a control
https://svelte.dev/e/a11y_label_has_associated_control
444:             <div class="grid grid-cols-1 md:grid-cols-4 gap-4">
445:               <div class="flex flex-col gap-1 md:col-span-1">
446:                 <label class="text-xs font-semibold text-slate-600">Proyecto *</label>
                                                                                           ^
447:                 <input type="text" bind:value={proyectoNombre} placeholder="Nombre del proyecto" class="px-3 py-2 bg-slate-50 border border-slate-200 rounded-lg text-sm focus:ring-2 focus:ring-blue-500 outline-none transition-all">
448:               </div>
10:04:41 p. m. [vite-plugin-svelte] src/lib/components/comercial/ventas/NuevaVentaModal.svelte:450:8 A form label must be associated with a control
https://svelte.dev/e/a11y_label_has_associated_control
448:               </div>
449:               <div class="flex flex-col gap-1 md:col-span-1">
450:                 <label class="text-xs font-semibold text-slate-600">Código de proyecto</label>
                                                                                                   ^
451:                 <input type="text" readonly value={codigoGenerado} class="px-3 py-2 bg-slate-100 border border-slate-200 text-slate-500 rounded-lg text-sm outline-none cursor-not-allowed">
452:                 <span class="text-[10px] text-slate-400 mt-0.5">Se generará automáticamente</span>
10:04:41 p. m. [vite-plugin-svelte] src/lib/components/comercial/ventas/NuevaVentaModal.svelte:455:8 A form label must be associated with a control
https://svelte.dev/e/a11y_label_has_associated_control
453:               </div>
454:               <div class="flex flex-col gap-1 md:col-span-1">
455:                 <label class="text-xs font-semibold text-slate-600">Fecha de venta *</label>
                                                                                                 ^
456:                 <input type="date" bind:value={fechaVenta} class="px-3 py-2 bg-slate-50 border border-slate-200 rounded-lg text-sm focus:ring-2 focus:ring-blue-500 outline-none transition-all text-slate-700">
457:               </div>
10:04:41 p. m. [vite-plugin-svelte] src/lib/components/comercial/ventas/NuevaVentaModal.svelte:459:8 A form label must be associated with a control
https://svelte.dev/e/a11y_label_has_associated_control
457:               </div>
458:               <div class="flex flex-col gap-1 md:col-span-1">
459:                 <label class="text-xs font-semibold text-slate-600">Asesor *</label>
                                                                                         ^
460:                 <input type="text" readonly value={asesor || 'Cargando asesor...'} class="px-3 py-2 bg-slate-50 border border-slate-200 rounded-lg text-sm outline-none text-slate-700">
461:                 <span class="text-[10px] text-slate-400 mt-0.5">Se asigna automáticamente con el usuario activo</span>
10:04:41 p. m. [vite-plugin-svelte] src/lib/components/comercial/ventas/NuevaVentaModal.svelte:464:8 A form label must be associated with a control
https://svelte.dev/e/a11y_label_has_associated_control
462:               </div>
463:               <div class="flex flex-col gap-1 md:col-span-1">
464:                 <label class="text-xs font-semibold text-slate-600">Cliente *</label>
                                                                                          ^
465:                 <select bind:value={selectedClienteId} class="px-3 py-2 bg-slate-50 border border-slate-200 rounded-lg text-sm focus:ring-2 focus:ring-blue-500 outline-none transition-all appearance-none text-slate-700">
466:                   <option value="">-- Selecciona cliente --</option>
10:04:41 p. m. [vite-plugin-svelte] src/lib/components/comercial/ventas/NuevaVentaModal.svelte:477:8 A form label must be associated with a control
https://svelte.dev/e/a11y_label_has_associated_control
475:               </div>
476:               <div class="flex flex-col gap-1 md:col-span-1">
477:                 <label class="text-xs font-semibold text-slate-600">Valor venta (S/) *</label>
                                                                                                   ^
478:                 <input type="text" bind:value={valorVenta} class="px-3 py-2 bg-slate-50 border border-slate-200 rounded-lg text-sm focus:ring-2 focus:ring-blue-500 outline-none transition-all text-slate-700">
479:               </div>
10:04:41 p. m. [vite-plugin-svelte] src/lib/components/comercial/ventas/NuevaVentaModal.svelte:482:9 A form label must be associated with a control
https://svelte.dev/e/a11y_label_has_associated_control
480:               <div class="flex flex-col gap-1 md:col-span-1 grid grid-cols-2 gap-2">
481:                 <div class="flex flex-col gap-1">
482:                   <label class="text-xs font-semibold text-slate-600">Comisión (%) *</label>
                                                                                                 ^
483:                   <input type="number" bind:value={comisionPorcentaje} class="px-3 py-2 bg-slate-50 border border-slate-200 rounded-lg text-sm focus:ring-2 focus:ring-blue-500 outline-none transition-all text-slate-700">
484:                 </div>
10:04:41 p. m. [vite-plugin-svelte] src/lib/components/comercial/ventas/NuevaVentaModal.svelte:486:9 A form label must be associated with a control
https://svelte.dev/e/a11y_label_has_associated_control
484:                 </div>
485:                 <div class="flex flex-col gap-1">
486:                   <label class="text-xs font-semibold text-slate-600">Comisión (S/)</label>
                                                                                                ^
487:                   <input type="text" readonly bind:value={comisionMonto} class="px-3 py-2 bg-slate-100 border border-slate-200 text-slate-500 rounded-lg text-sm outline-none cursor-not-allowed">
488:                 </div>
10:04:41 p. m. [vite-plugin-svelte] src/lib/components/comercial/ventas/NuevaVentaModal.svelte:492:9 A form label must be associated with a control
https://svelte.dev/e/a11y_label_has_associated_control
490:               <div class="flex flex-col gap-1 md:col-span-1 grid grid-cols-2 gap-2">
491:                 <div class="flex flex-col gap-1">
492:                   <label class="text-xs font-semibold text-slate-600">Proforma</label>
                                                                                           ^
493:                   <label class="cursor-pointer px-3 py-2 border border-slate-200 rounded-lg text-sm text-slate-600 hover:bg-slate-50 flex items-center justify-center gap-2 transition-colors">
494:                     <i class="fas fa-file-pdf text-rose-500"></i>
10:04:41 p. m. [vite-plugin-svelte] src/lib/components/comercial/ventas/NuevaVentaModal.svelte:495:54 Using `on:change` to listen to the change event is deprecated. Use the event attribute `onchange` instead
https://svelte.dev/e/event_directive_deprecated
493:                   <label class="cursor-pointer px-3 py-2 border border-slate-200 rounded-lg text-sm text-slate-600 hover:bg-slate-50 flex items-center justify-center gap-2 transition-colors">
494:                     <i class="fas fa-file-pdf text-rose-500"></i>
495:                     <input type="file" accept="application/pdf" on:change={(event) => proformaFile = event.currentTarget.files?.[0] ?? null} class="hidden" />
                                                                                                                                                 ^
496:                     {#if proformaFile}
497:                       <span class="text-xs text-slate-500 truncate max-w-[120px]">{proformaFile.name}</span>
10:04:41 p. m. [vite-plugin-svelte] src/lib/components/comercial/ventas/NuevaVentaModal.svelte:504:9 A form label must be associated with a control
https://svelte.dev/e/a11y_label_has_associated_control
502:                 </div>
503:                 <div class="flex flex-col gap-1">
504:                   <label class="text-xs font-semibold text-slate-600">Contrato</label>
                                                                                           ^
505:                   <label class="cursor-pointer px-3 py-2 border border-slate-200 rounded-lg text-sm text-slate-600 hover:bg-slate-50 flex items-center justify-center gap-2 transition-colors">
506:                     <i class="fas fa-file-pdf text-rose-500"></i>
10:04:41 p. m. [vite-plugin-svelte] src/lib/components/comercial/ventas/NuevaVentaModal.svelte:507:54 Using `on:change` to listen to the change event is deprecated. Use the event attribute `onchange` instead
https://svelte.dev/e/event_directive_deprecated
505:                   <label class="cursor-pointer px-3 py-2 border border-slate-200 rounded-lg text-sm text-slate-600 hover:bg-slate-50 flex items-center justify-center gap-2 transition-colors">
506:                     <i class="fas fa-file-pdf text-rose-500"></i>
507:                     <input type="file" accept="application/pdf" on:change={(event) => contratoFile = event.currentTarget.files?.[0] ?? null} class="hidden" />
                                                                                                                                                 ^
508:                     {#if contratoFile}
509:                       <span class="text-xs text-slate-500 truncate max-w-[120px]">{contratoFile.name}</span>
10:04:41 p. m. [vite-plugin-svelte] src/lib/components/comercial/ventas/NuevaVentaModal.svelte:527:8 A form label must be associated with a control
https://svelte.dev/e/a11y_label_has_associated_control
525:             <div class="grid grid-cols-1 md:grid-cols-4 gap-4 mb-6">
526:               <div class="flex flex-col gap-1">
527:                 <label class="text-xs font-semibold text-slate-600">Tipo de proyecto *</label>
                                                                                                   ^
528:                 <select bind:value={tipoProyecto} class="px-3 py-2 bg-slate-50 border border-slate-200 rounded-lg text-sm focus:ring-2 focus:ring-blue-500 outline-none transition-all">
529:                   <option value="O">Proyecto de Obra (O)</option>
10:04:41 p. m. [vite-plugin-svelte] src/lib/components/comercial/ventas/NuevaVentaModal.svelte:534:8 A form label must be associated with a control
https://svelte.dev/e/a11y_label_has_associated_control
532:               </div>
533:               <div class="flex flex-col gap-1">
534:                 <label class="text-xs font-semibold text-slate-600">Estado del predio *</label>
                                                                                                    ^
535:                 <select bind:value={estadoPredio} class="px-3 py-2 bg-slate-50 border border-slate-200 rounded-lg text-sm focus:ring-2 focus:ring-blue-500 outline-none transition-all">
536:                   <option value="A">Ampliación (A)</option>
10:04:41 p. m. [vite-plugin-svelte] src/lib/components/comercial/ventas/NuevaVentaModal.svelte:541:8 A form label must be associated with a control
https://svelte.dev/e/a11y_label_has_associated_control
539:               </div>
540:               <div class="flex flex-col gap-1">
541:                 <label class="text-xs font-semibold text-slate-600">Tipo de edificación *</label>
                                                                                                      ^
542:                 <select bind:value={tipoEdificacion} class="px-3 py-2 bg-slate-50 border border-slate-200 rounded-lg text-sm focus:ring-2 focus:ring-blue-500 outline-none transition-all">
543:                   <option value="M">Viv. Multifamiliar (M)</option>
10:04:41 p. m. [vite-plugin-svelte] src/lib/components/comercial/ventas/NuevaVentaModal.svelte:549:8 A form label must be associated with a control
https://svelte.dev/e/a11y_label_has_associated_control
547:               </div>
548:               <div class="flex flex-col gap-1">
549:                 <label class="text-xs font-semibold text-slate-600">Número de pisos *</label>
                                                                                                  ^
550:                 <input type="number" bind:value={numeroPisos} class="px-3 py-2 bg-slate-50 border border-slate-200 rounded-lg text-sm focus:ring-2 focus:ring-blue-500 outline-none transition-all">
551:               </div>
10:04:41 p. m. [vite-plugin-svelte] src/lib/components/comercial/ventas/NuevaVentaModal.svelte:554:8 A form label must be associated with a control
https://svelte.dev/e/a11y_label_has_associated_control
552: 
553:               <div class="flex flex-col gap-1">
554:                 <label class="text-xs font-semibold text-slate-600">Distrito *</label>
                                                                                           ^
555:                 <select bind:value={distrito} class="px-3 py-2 bg-slate-50 border border-slate-200 rounded-lg text-sm focus:ring-2 focus:ring-blue-500 outline-none transition-all">
556:                   <option value="ATE Salamanca">Ate</option>
10:04:41 p. m. [vite-plugin-svelte] src/lib/components/comercial/ventas/NuevaVentaModal.svelte:625:9 Buttons and links should either contain text or have an `aria-label`, `aria-labelledby` or `title` attribute
https://svelte.dev/e/a11y_consider_explicit_label
623:                 <div class="bg-blue-50 text-blue-700 px-4 py-1.5 rounded text-sm font-bold tracking-wide flex-1 md:flex-none flex items-center justify-between">
624:                   {codigoGenerado}
625:                   <button class="ml-4 text-blue-400 hover:text-blue-600"><i class="far fa-copy"></i></button>
                                                                                                                  ^
626:                 </div>
627:               </div>
10:04:41 p. m. [vite-plugin-svelte] src/lib/components/comercial/ventas/NuevaVentaModal.svelte:649:12 Using `on:click` to listen to the click event is deprecated. Use the event attribute `onclick` instead
https://svelte.dev/e/event_directive_deprecated
647:       <!-- Footer -->
648:       <div class="p-6 border-t border-slate-100 bg-slate-50 rounded-b-2xl flex justify-end gap-3">
649:         <button on:click={onClose} class="px-5 py-2.5 bg-white border border-slate-200 text-slate-600 rounded-xl hover:bg-slate-50 hover:text-slate-800 font-medium text-sm transition-colors shadow-sm">
                                       ^
650:           Cancelar
651:         </button>
10:04:41 p. m. [vite-plugin-svelte] src/lib/components/comercial/ventas/NuevaVentaModal.svelte:652:12 Using `on:click` to listen to the click event is deprecated. Use the event attribute `onclick` instead
https://svelte.dev/e/event_directive_deprecated
650:           Cancelar
651:         </button>
652:         <button on:click={() => !isSaving && handleGuardar()} disabled={isSaving} aria-busy={isSaving} class="px-6 py-2.5 bg-blue-600 text-white rounded-xl font-medium text-sm shadow-md shadow-blue-600/20 active:scale-[0.98] transition-all flex items-center gap-2 disabled:opacity-60 disabled:cursor-not-allowed">
                                                                  ^
653:           {#if isSaving}
654:             <i class="fas fa-spinner fa-spin"></i> Guardando...
10:04:41 p. m. [vite-plugin-svelte] src/lib/components/comercial/proveedores/ProveedorModal.svelte:101:4 Buttons and links should either contain text or have an `aria-label`, `aria-labelledby` or `title` attribute
https://svelte.dev/e/a11y_consider_explicit_label
 99:           {proveedorEdit ? 'Editar Proveedor' : 'Nuevo Proveedor'}
100:         </h2>
101:         <button onclick={onClose} disabled={isSaving} class="text-slate-400 hover:text-slate-600 transition-colors p-2 rounded-full hover:bg-slate-100 disabled:opacity-50">
                      ^
102:           <i class="fas fa-times text-lg"></i>
103:         </button>
10:04:41 p. m. [vite-plugin-svelte] src/lib/components/comercial/proveedores/ProveedorModal.svelte:119:7 A form label must be associated with a control
https://svelte.dev/e/a11y_label_has_associated_control
117:           <div class="grid grid-cols-1 md:grid-cols-2 gap-4">
118:             <div class="flex flex-col gap-1 md:col-span-2">
119:               <label class="text-xs font-semibold text-slate-600">Razón Social *</label>
                                                                                             ^
120:               <input type="text" bind:value={razonSocial} disabled={isSaving} placeholder="Ej. Corporación ABC S.A.C." class="px-3 py-2.5 bg-slate-50 border border-slate-200 rounded-lg text-sm focus:ring-2 focus:ring-blue-500 outline-none transition-all">
121:             </div>
10:04:41 p. m. [vite-plugin-svelte] src/lib/components/comercial/proveedores/ProveedorModal.svelte:124:7 A form label must be associated with a control
https://svelte.dev/e/a11y_label_has_associated_control
122: 
123:             <div class="flex flex-col gap-1 md:col-span-1">
124:               <label class="text-xs font-semibold text-slate-600">RUC *</label>
                                                                                    ^
125:               <input type="text" bind:value={ruc} disabled={isSaving} placeholder="Ej. 20123456789" class="px-3 py-2.5 bg-slate-50 border border-slate-200 rounded-lg text-sm focus:ring-2 focus:ring-blue-500 outline-none transition-all">
126:             </div>
10:04:41 p. m. [vite-plugin-svelte] src/lib/components/comercial/proveedores/ProveedorModal.svelte:129:7 A form label must be associated with a control
https://svelte.dev/e/a11y_label_has_associated_control
127:             
128:             <div class="flex flex-col gap-1 md:col-span-1">
129:               <label class="text-xs font-semibold text-slate-600">Vendedor Asignado (Nosotros)</label>
                                                                                                           ^
130:               <input type="text" bind:value={vendedor} disabled={isSaving} placeholder="Ej. Juan Pérez" class="px-3 py-2.5 bg-slate-50 border border-slate-200 rounded-lg text-sm focus:ring-2 focus:ring-blue-500 outline-none transition-all">
131:             </div>
10:04:41 p. m. [vite-plugin-svelte] src/lib/components/comercial/proveedores/ProveedorModal.svelte:141:7 A form label must be associated with a control
https://svelte.dev/e/a11y_label_has_associated_control
139: 
140:             <div class="flex flex-col gap-1 md:col-span-2">
141:               <label class="text-xs font-semibold text-slate-600">Nombre del Contacto</label>
                                                                                                  ^
142:               <input type="text" bind:value={contacto} disabled={isSaving} placeholder="Ej. Ana García" class="px-3 py-2.5 bg-slate-50 border border-slate-200 rounded-lg text-sm focus:ring-2 focus:ring-blue-500 outline-none transition-all">
143:             </div>
10:04:41 p. m. [vite-plugin-svelte] src/lib/components/comercial/proveedores/ProveedorModal.svelte:146:7 A form label must be associated with a control
https://svelte.dev/e/a11y_label_has_associated_control
144: 
145:             <div class="flex flex-col gap-1 md:col-span-1">
146:               <label class="text-xs font-semibold text-slate-600">Teléfono</label>
                                                                                       ^
147:               <input type="text" bind:value={telefono} disabled={isSaving} placeholder="Ej. 987654321" class="px-3 py-2.5 bg-slate-50 border border-slate-200 rounded-lg text-sm focus:ring-2 focus:ring-blue-500 outline-none transition-all">
148:             </div>
10:04:41 p. m. [vite-plugin-svelte] src/lib/components/comercial/proveedores/ProveedorModal.svelte:151:7 A form label must be associated with a control
https://svelte.dev/e/a11y_label_has_associated_control
149: 
150:             <div class="flex flex-col gap-1 md:col-span-1">
151:               <label class="text-xs font-semibold text-slate-600">Correo Electrónico</label>
                                                                                                 ^
152:               <input type="email" bind:value={email} disabled={isSaving} placeholder="Ej. ventas@empresa.com" class="px-3 py-2.5 bg-slate-50 border border-slate-200 rounded-lg text-sm focus:ring-2 focus:ring-blue-500 outline-none transition-all">
153:             </div>
10:04:41 p. m. [vite-plugin-svelte] src/lib/components/partidas/PartidaDetail.svelte:31:35 `a11y-no-static-element-interactions` is no longer valid — please use `a11y_no_static_element_interactions` instead
https://svelte.dev/e/legacy_code
29:             {#each tabs as tab}
30:                 <!-- svelte-ignore a11y-click-events-have-key-events -->
31:                 <!-- svelte-ignore a11y-no-static-element-interactions -->
                                                                          ^
32:                 <div class="px-3 md:px-4 py-3 text-[13px] font-medium cursor-pointer border-b-[3px] transition-all {activeTab === tab.id ? 'text-[#0f3b5e] border-[#0f3b5e]' : 'text-[#64748b] border-transparent hover:text-[#0f3b5e]'}" on:click={() => activeTab = tab.id}>
33:                     {tab.label}
10:04:41 p. m. [vite-plugin-svelte] src/lib/components/partidas/PartidaDetail.svelte:30:35 `a11y-click-events-have-key-events` is no longer valid — please use `a11y_click_events_have_key_events` instead
https://svelte.dev/e/legacy_code
28:         <div class="flex flex-wrap border-b border-slate-200 bg-[#fafcff] px-2 md:px-6 shrink-0">
29:             {#each tabs as tab}
30:                 <!-- svelte-ignore a11y-click-events-have-key-events -->
                                                                        ^
31:                 <!-- svelte-ignore a11y-no-static-element-interactions -->
32:                 <div class="px-3 md:px-4 py-3 text-[13px] font-medium cursor-pointer border-b-[3px] transition-all {activeTab === tab.id ? 'text-[#0f3b5e] border-[#0f3b5e]' : 'text-[#64748b] border-transparent hover:text-[#0f3b5e]'}" on:click={() => activeTab = tab.id}>
10:04:41 p. m. [vite-plugin-svelte] src/lib/components/partidas/PartidaDetail.svelte:32:16 Visible, non-interactive elements with a click event must be accompanied by a keyboard event handler. Consider whether an interactive element such as `<button type="button">` or `<a>` might be more appropriate
https://svelte.dev/e/a11y_click_events_have_key_events
30:                 <!-- svelte-ignore a11y-click-events-have-key-events -->
31:                 <!-- svelte-ignore a11y-no-static-element-interactions -->
32:                 <div class="px-3 md:px-4 py-3 text-[13px] font-medium cursor-pointer border-b-[3px] transition-all {activeTab === tab.id ? 'text-[#0f3b5e] border-[#0f3b5e]' : 'text-[#64748b] border-transparent hover:text-[#0f3b5e]'}" on:click={() => activeTab = tab.id}>
                          ^
33:                     {tab.label}
34:                 </div>
10:04:41 p. m. [vite-plugin-svelte] src/lib/components/partidas/PartidaDetail.svelte:32:16 `<div>` with a click handler must have an ARIA role
https://svelte.dev/e/a11y_no_static_element_interactions
30:                 <!-- svelte-ignore a11y-click-events-have-key-events -->
31:                 <!-- svelte-ignore a11y-no-static-element-interactions -->
32:                 <div class="px-3 md:px-4 py-3 text-[13px] font-medium cursor-pointer border-b-[3px] transition-all {activeTab === tab.id ? 'text-[#0f3b5e] border-[#0f3b5e]' : 'text-[#64748b] border-transparent hover:text-[#0f3b5e]'}" on:click={() => activeTab = tab.id}>
                          ^
33:                     {tab.label}
34:                 </div>
10:04:41 p. m. [vite-plugin-svelte] src/lib/components/partidas/PartidaDetail.svelte:32:234 Using `on:click` to listen to the click event is deprecated. Use the event attribute `onclick` instead
https://svelte.dev/e/event_directive_deprecated
30:                 <!-- svelte-ignore a11y-click-events-have-key-events -->
31:                 <!-- svelte-ignore a11y-no-static-element-interactions -->
32:                 <div class="px-3 md:px-4 py-3 text-[13px] font-medium cursor-pointer border-b-[3px] transition-all {activeTab === tab.id ? 'text-[#0f3b5e] border-[#0f3b5e]' : 'text-[#64748b] border-transparent hover:text-[#0f3b5e]'}" on:click={() => activeTab = tab.id}>
                                                                                                                                                                                                                                                                                 ^
33:                     {tab.label}
34:                 </div>
10:04:41 p. m. [vite-plugin-svelte] src/lib/components/partidas/PartidaDetail.svelte:42:24 A form label must be associated with a control
https://svelte.dev/e/a11y_label_has_associated_control
40:                 <div class="space-y-4 max-w-2xl">
41:                     <div class="flex flex-col md:flex-row md:items-center">
42:                         <label class="w-40 font-medium text-[13px] text-[#475569] mb-1 md:mb-0">Código</label>
                                                                                                                  ^
43:                         <input type="text" value={$selectedPartida.codigo} class="flex-1 p-2 border border-[#d1d5db] rounded text-[14px] bg-[#f9fafb] text-[#1e293b] focus:outline-none focus:border-[#0f3b5e] focus:bg-white" readonly />
44:                     </div>
10:04:41 p. m. [vite-plugin-svelte] src/lib/components/partidas/PartidaDetail.svelte:46:24 A form label must be associated with a control
https://svelte.dev/e/a11y_label_has_associated_control
44:                     </div>
45:                     <div class="flex flex-col md:flex-row md:items-center">
46:                         <label class="w-40 font-medium text-[13px] text-[#475569] mb-1 md:mb-0">Descripción</label>
                                                                                                                       ^
47:                         <input type="text" value={$selectedPartida.descripcion} class="flex-1 p-2 border border-[#d1d5db] rounded text-[14px] bg-[#f9fafb] text-[#1e293b] focus:outline-none focus:border-[#0f3b5e] focus:bg-white" readonly />
48:                     </div>
10:04:41 p. m. [vite-plugin-svelte] src/lib/components/partidas/PartidaDetail.svelte:50:24 A form label must be associated with a control
https://svelte.dev/e/a11y_label_has_associated_control
48:                     </div>
49:                     <div class="flex flex-col md:flex-row md:items-center">
50:                         <label class="w-40 font-medium text-[13px] text-[#475569] mb-1 md:mb-0">Unidad</label>
                                                                                                                  ^
51:                         <select class="flex-1 p-2 border border-[#d1d5db] rounded text-[14px] bg-[#f9fafb] text-[#1e293b] focus:outline-none focus:border-[#0f3b5e] focus:bg-white" disabled>
52:                             <option>{$selectedPartida.unidad || 'glb'}</option>
10:04:41 p. m. [vite-plugin-svelte] src/lib/components/partidas/PartidaDetail.svelte:56:24 A form label must be associated with a control
https://svelte.dev/e/a11y_label_has_associated_control
54:                     </div>
55:                     <div class="flex flex-col md:flex-row md:items-center">
56:                         <label class="w-40 font-medium text-[13px] text-[#475569] mb-1 md:mb-0">Nivel</label>
                                                                                                                 ^
57:                         <input type="number" value={$selectedPartida.nivel} class="flex-1 p-2 border border-[#d1d5db] rounded text-[14px] bg-[#f9fafb] text-[#1e293b] focus:outline-none focus:border-[#0f3b5e] focus:bg-white" readonly />
58:                     </div>
10:04:41 p. m. [vite-plugin-svelte] src/lib/components/partidas/PartidaDetail.svelte:60:24 A form label must be associated with a control
https://svelte.dev/e/a11y_label_has_associated_control
58:                     </div>
59:                     <div class="flex flex-col md:flex-row md:items-center">
60:                         <label class="w-40 font-medium text-[13px] text-[#475569] mb-1 md:mb-0">Partida padre</label>
                                                                                                                         ^
61:                         <input type="text" value="C02.01 - Cimentación" class="flex-1 p-2 border border-[#d1d5db] rounded text-[14px] bg-[#f1f5f9] text-[#1e293b] cursor-not-allowed" disabled />
62:                     </div>
10:04:41 p. m. [vite-plugin-svelte] src/lib/components/partidas/PartidaDetail.svelte:67:24 A form label must be associated with a control
https://svelte.dev/e/a11y_label_has_associated_control
65:                 <div class="space-y-4 max-w-2xl">
66:                     <div class="flex flex-col md:flex-row md:items-center">
67:                         <label class="w-40 font-medium text-[13px] text-[#475569] mb-1 md:mb-0">Precio unitario</label>
                                                                                                                           ^
68:                         <input type="number" value={$selectedPartida.precio_unitario || 0.0} class="flex-1 p-2 border border-[#d1d5db] rounded text-[14px] bg-[#f9fafb] text-[#1e293b] focus:outline-none focus:border-[#0f3b5e] focus:bg-white" readonly />
69:                     </div>
10:04:41 p. m. [vite-plugin-svelte] src/lib/components/partidas/TreeView.svelte:21:23 `a11y-no-static-element-interactions` is no longer valid — please use `a11y_no_static_element_interactions` instead
https://svelte.dev/e/legacy_code
19:     {@const hasChildren = node.children && node.children.length > 0}
20:     <!-- svelte-ignore a11y-click-events-have-key-events -->
21:     <!-- svelte-ignore a11y-no-static-element-interactions -->
                                                              ^
22:     <div class="group flex items-center py-1.5 px-3 cursor-pointer text-sm hover:bg-[#f1f5f9] transition-colors border-l-2 {$selectedPartida?.id_partida === node.id_partida ? 'bg-[#e0edf9] border-[#0f3b5e]' : 'border-transparent'}" style="padding-left: {16 + level * 16}px;" on:click={() => select(node)}>
23:         <div class="w-5 text-center text-[#94a3b8] text-[10px] mr-1" on:click|stopPropagation={() => hasChildren && toggle(node.id_partida)}>
10:04:41 p. m. [vite-plugin-svelte] src/lib/components/partidas/TreeView.svelte:20:23 `a11y-click-events-have-key-events` is no longer valid — please use `a11y_click_events_have_key_events` instead
https://svelte.dev/e/legacy_code
18: {#each nodes as node}
19:     {@const hasChildren = node.children && node.children.length > 0}
20:     <!-- svelte-ignore a11y-click-events-have-key-events -->
                                                            ^
21:     <!-- svelte-ignore a11y-no-static-element-interactions -->
22:     <div class="group flex items-center py-1.5 px-3 cursor-pointer text-sm hover:bg-[#f1f5f9] transition-colors border-l-2 {$selectedPartida?.id_partida === node.id_partida ? 'bg-[#e0edf9] border-[#0f3b5e]' : 'border-transparent'}" style="padding-left: {16 + level * 16}px;" on:click={() => select(node)}>
10:04:41 p. m. [vite-plugin-svelte] src/lib/components/partidas/TreeView.svelte:22:4 Visible, non-interactive elements with a click event must be accompanied by a keyboard event handler. Consider whether an interactive element such as `<button type="button">` or `<a>` might be more appropriate
https://svelte.dev/e/a11y_click_events_have_key_events
20:     <!-- svelte-ignore a11y-click-events-have-key-events -->
21:     <!-- svelte-ignore a11y-no-static-element-interactions -->
22:     <div class="group flex items-center py-1.5 px-3 cursor-pointer text-sm hover:bg-[#f1f5f9] transition-colors border-l-2 {$selectedPartida?.id_partida === node.id_partida ? 'bg-[#e0edf9] border-[#0f3b5e]' : 'border-transparent'}" style="padding-left: {16 + level * 16}px;" on:click={() => select(node)}>
              ^
23:         <div class="w-5 text-center text-[#94a3b8] text-[10px] mr-1" on:click|stopPropagation={() => hasChildren && toggle(node.id_partida)}>
24:             {#if hasChildren}
10:04:41 p. m. [vite-plugin-svelte] src/lib/components/partidas/TreeView.svelte:22:4 `<div>` with a click handler must have an ARIA role
https://svelte.dev/e/a11y_no_static_element_interactions
20:     <!-- svelte-ignore a11y-click-events-have-key-events -->
21:     <!-- svelte-ignore a11y-no-static-element-interactions -->
22:     <div class="group flex items-center py-1.5 px-3 cursor-pointer text-sm hover:bg-[#f1f5f9] transition-colors border-l-2 {$selectedPartida?.id_partida === node.id_partida ? 'bg-[#e0edf9] border-[#0f3b5e]' : 'border-transparent'}" style="padding-left: {16 + level * 16}px;" on:click={() => select(node)}>
              ^
23:         <div class="w-5 text-center text-[#94a3b8] text-[10px] mr-1" on:click|stopPropagation={() => hasChildren && toggle(node.id_partida)}>
24:             {#if hasChildren}
10:04:41 p. m. [vite-plugin-svelte] src/lib/components/partidas/TreeView.svelte:22:275 Using `on:click` to listen to the click event is deprecated. Use the event attribute `onclick` instead
https://svelte.dev/e/event_directive_deprecated
20:     <!-- svelte-ignore a11y-click-events-have-key-events -->
21:     <!-- svelte-ignore a11y-no-static-element-interactions -->
22:     <div class="group flex items-center py-1.5 px-3 cursor-pointer text-sm hover:bg-[#f1f5f9] transition-colors border-l-2 {$selectedPartida?.id_partida === node.id_partida ? 'bg-[#e0edf9] border-[#0f3b5e]' : 'border-transparent'}" style="padding-left: {16 + level * 16}px;" on:click={() => select(node)}>
                                                                                                                                                                                                                                                                                                                    ^
23:         <div class="w-5 text-center text-[#94a3b8] text-[10px] mr-1" on:click|stopPropagation={() => hasChildren && toggle(node.id_partida)}>
24:             {#if hasChildren}
10:04:41 p. m. [vite-plugin-svelte] src/lib/components/partidas/TreeView.svelte:23:8 Visible, non-interactive elements with a click event must be accompanied by a keyboard event handler. Consider whether an interactive element such as `<button type="button">` or `<a>` might be more appropriate
https://svelte.dev/e/a11y_click_events_have_key_events
21:     <!-- svelte-ignore a11y-no-static-element-interactions -->
22:     <div class="group flex items-center py-1.5 px-3 cursor-pointer text-sm hover:bg-[#f1f5f9] transition-colors border-l-2 {$selectedPartida?.id_partida === node.id_partida ? 'bg-[#e0edf9] border-[#0f3b5e]' : 'border-transparent'}" style="padding-left: {16 + level * 16}px;" on:click={() => select(node)}>
23:         <div class="w-5 text-center text-[#94a3b8] text-[10px] mr-1" on:click|stopPropagation={() => hasChildren && toggle(node.id_partida)}>
                  ^
24:             {#if hasChildren}
25:                 {#if expanded[node.id_partida]}
10:04:41 p. m. [vite-plugin-svelte] src/lib/components/partidas/TreeView.svelte:23:8 `<div>` with a click handler must have an ARIA role
https://svelte.dev/e/a11y_no_static_element_interactions
21:     <!-- svelte-ignore a11y-no-static-element-interactions -->
22:     <div class="group flex items-center py-1.5 px-3 cursor-pointer text-sm hover:bg-[#f1f5f9] transition-colors border-l-2 {$selectedPartida?.id_partida === node.id_partida ? 'bg-[#e0edf9] border-[#0f3b5e]' : 'border-transparent'}" style="padding-left: {16 + level * 16}px;" on:click={() => select(node)}>
23:         <div class="w-5 text-center text-[#94a3b8] text-[10px] mr-1" on:click|stopPropagation={() => hasChildren && toggle(node.id_partida)}>
                  ^
24:             {#if hasChildren}
25:                 {#if expanded[node.id_partida]}
10:04:41 p. m. [vite-plugin-svelte] src/lib/components/partidas/TreeView.svelte:23:69 Using `on:click` to listen to the click event is deprecated. Use the event attribute `onclick` instead
https://svelte.dev/e/event_directive_deprecated
21:     <!-- svelte-ignore a11y-no-static-element-interactions -->
22:     <div class="group flex items-center py-1.5 px-3 cursor-pointer text-sm hover:bg-[#f1f5f9] transition-colors border-l-2 {$selectedPartida?.id_partida === node.id_partida ? 'bg-[#e0edf9] border-[#0f3b5e]' : 'border-transparent'}" style="padding-left: {16 + level * 16}px;" on:click={() => select(node)}>
23:         <div class="w-5 text-center text-[#94a3b8] text-[10px] mr-1" on:click|stopPropagation={() => hasChildren && toggle(node.id_partida)}>
                                                                                                                                                ^
24:             {#if hasChildren}
25:                 {#if expanded[node.id_partida]}
10:04:41 p. m. [vite-plugin-svelte] src/lib/components/partidas/TreeView.svelte:47:8 `<svelte:self>` is deprecated — use self-imports (e.g. `import TreeView from './TreeView.svelte'`) instead
https://svelte.dev/e/svelte_self_deprecated
45: 
46:     {#if hasChildren && expanded[node.id_partida]}
47:         <svelte:self nodes={node.children} level={level + 1} />
                                                                   ^
48:     {/if}
49: {/each}
10:04:41 p. m. [vite-plugin-svelte] src/lib/components/partidas/PlantillaList.svelte:14:27 `a11y-no-static-element-interactions` is no longer valid — please use `a11y_no_static_element_interactions` instead
https://svelte.dev/e/legacy_code
12:     {#each $plantillasList as p}
13:         <!-- svelte-ignore a11y-click-events-have-key-events -->
14:         <!-- svelte-ignore a11y-no-static-element-interactions -->
                                                                  ^
15:         <div class="px-4 py-3 rounded-lg border mb-2 cursor-pointer transition-all flex justify-between items-center 
16:             {$selectedPlantilla?.id_plantilla === p.id_plantilla ? 'bg-[#e0edf9] border-[#0f3b5e]' : 'bg-white border-[#e2e8f0] hover:bg-[#f1f5f9] hover:border-[#cbd5e1]'}"
10:04:41 p. m. [vite-plugin-svelte] src/lib/components/partidas/PlantillaList.svelte:13:27 `a11y-click-events-have-key-events` is no longer valid — please use `a11y_click_events_have_key_events` instead
https://svelte.dev/e/legacy_code
11: <div class="flex-1 overflow-y-auto p-3">
12:     {#each $plantillasList as p}
13:         <!-- svelte-ignore a11y-click-events-have-key-events -->
                                                                ^
14:         <!-- svelte-ignore a11y-no-static-element-interactions -->
15:         <div class="px-4 py-3 rounded-lg border mb-2 cursor-pointer transition-all flex justify-between items-center 
10:04:41 p. m. [vite-plugin-svelte] src/lib/components/partidas/PlantillaList.svelte:15:8 Visible, non-interactive elements with a click event must be accompanied by a keyboard event handler. Consider whether an interactive element such as `<button type="button">` or `<a>` might be more appropriate
https://svelte.dev/e/a11y_click_events_have_key_events
13:         <!-- svelte-ignore a11y-click-events-have-key-events -->
14:         <!-- svelte-ignore a11y-no-static-element-interactions -->
15:         <div class="px-4 py-3 rounded-lg border mb-2 cursor-pointer transition-all flex justify-between items-center 
                  ^
16:             {$selectedPlantilla?.id_plantilla === p.id_plantilla ? 'bg-[#e0edf9] border-[#0f3b5e]' : 'bg-white border-[#e2e8f0] hover:bg-[#f1f5f9] hover:border-[#cbd5e1]'}"
17:             on:click={() => selectPlantilla(p)}>
10:04:41 p. m. [vite-plugin-svelte] src/lib/components/partidas/PlantillaList.svelte:15:8 `<div>` with a click handler must have an ARIA role
https://svelte.dev/e/a11y_no_static_element_interactions
13:         <!-- svelte-ignore a11y-click-events-have-key-events -->
14:         <!-- svelte-ignore a11y-no-static-element-interactions -->
15:         <div class="px-4 py-3 rounded-lg border mb-2 cursor-pointer transition-all flex justify-between items-center 
                  ^
16:             {$selectedPlantilla?.id_plantilla === p.id_plantilla ? 'bg-[#e0edf9] border-[#0f3b5e]' : 'bg-white border-[#e2e8f0] hover:bg-[#f1f5f9] hover:border-[#cbd5e1]'}"
17:             on:click={() => selectPlantilla(p)}>
10:04:41 p. m. [vite-plugin-svelte] src/lib/components/partidas/PlantillaList.svelte:17:12 Using `on:click` to listen to the click event is deprecated. Use the event attribute `onclick` instead
https://svelte.dev/e/event_directive_deprecated
15:         <div class="px-4 py-3 rounded-lg border mb-2 cursor-pointer transition-all flex justify-between items-center 
16:             {$selectedPlantilla?.id_plantilla === p.id_plantilla ? 'bg-[#e0edf9] border-[#0f3b5e]' : 'bg-white border-[#e2e8f0] hover:bg-[#f1f5f9] hover:border-[#cbd5e1]'}"
17:             on:click={() => selectPlantilla(p)}>
                                                   ^
18:             <div>
19:                 <div class="font-medium text-[14px] text-[#1e293b]">{(p.nombre || 'Sin nombre')}</div>
10:04:41 p. m. [vite-plugin-svelte] src/lib/components/partidas/PartidaModal.svelte:156:20 A form label must be associated with a control
https://svelte.dev/e/a11y_label_has_associated_control
154:                 
155:                 <div>
156:                     <label class="block text-sm font-medium text-[#1e293b] mb-1">
                                 ^
157:                         Código <span class="text-red-500">*</span>
158:                     </label>
10:04:41 p. m. [vite-plugin-svelte] src/lib/components/partidas/PartidaModal.svelte:168:20 A form label must be associated with a control
https://svelte.dev/e/a11y_label_has_associated_control
166:                 
167:                 <div>
168:                     <label class="block text-sm font-medium text-[#1e293b] mb-1">
                                 ^
169:                         Descripción <span class="text-red-500">*</span>
170:                     </label>
10:04:41 p. m. [vite-plugin-svelte] src/lib/components/partidas/PartidaModal.svelte:181:24 A form label must be associated with a control
https://svelte.dev/e/a11y_label_has_associated_control
179:                 <div class="grid grid-cols-2 gap-4">
180:                     <div>
181:                         <label class="block text-sm font-medium text-[#1e293b] mb-1">
                                     ^
182:                             Nivel
183:                         </label>
10:04:41 p. m. [vite-plugin-svelte] src/lib/components/partidas/PartidaModal.svelte:193:24 A form label must be associated with a control
https://svelte.dev/e/a11y_label_has_associated_control
191:                     
192:                     <div>
193:                         <label class="block text-sm font-medium text-[#1e293b] mb-1">
                                     ^
194:                             Unidad
195:                         </label>
10:04:41 p. m. [vite-plugin-svelte] src/lib/components/partidas/PartidaModal.svelte:206:20 A form label must be associated with a control
https://svelte.dev/e/a11y_label_has_associated_control
204:                 
205:                 <div>
206:                     <label class="block text-sm font-medium text-[#1e293b] mb-1">
                                 ^
207:                         Precio Unitario
208:                     </label>
10:04:41 p. m. [vite-plugin-svelte] src/lib/components/partidas/PartidaModal.svelte:219:20 A form label must be associated with a control
https://svelte.dev/e/a11y_label_has_associated_control
217:                 
218:                 <div>
219:                     <label class="block text-sm font-medium text-[#1e293b] mb-1">
                                 ^
220:                         Partida Padre (Opcional)
221:                     </label>
✓ 3957 modules transformed.
rendering chunks...
[Supabase] SUPABASE_SERVICE_ROLE_KEY is not set. Admin-only endpoints will be unavailable until it is configured.
[Supabase] Server client initialized with the available credentials.
[Supabase] PUBLIC_SUPABASE_URL is not configured. The app will use the fallback URL until the environment is set.
[vite.config] TAURI_DEV_HOST = (not set)
[vite.config] Binding Vite server to 0.0.0.0:5173 (IPv4 + IPv6)
[36mvite v8.0.13 [32mbuilding client environment for production...[36m[39m
[2Ktransforming...10:05:00 p. m. [vite-plugin-svelte] src/routes/(app)/+layout.svelte:107:5 Buttons and links should either contain text or have an `aria-label`, `aria-labelledby` or `title` attribute
https://svelte.dev/e/a11y_consider_explicit_label
105:       <header class="bg-white border-b border-slate-100 h-16 px-6 flex items-center justify-end sticky top-0 z-20 shadow-sm">
106:         <div class="flex items-center gap-4">
107:           <button class="text-slate-400 hover:text-brand-orange relative">
                        ^
108:             <i class="fas fa-bell"></i>
109:             <span class="absolute -top-1 -right-1 w-2.5 h-2.5 bg-red-500 rounded-full border-2 border-white"></span>
10:05:00 p. m. [vite-plugin-svelte] src/routes/(app)/iam/empleados/+page.svelte:524:4 Buttons and links should either contain text or have an `aria-label`, `aria-labelledby` or `title` attribute
https://svelte.dev/e/a11y_consider_explicit_label
522:           <h3 class="font-bold text-slate-800 text-base">{editingEmpleadoId ? 'Editar Empleado' : 'Registrar Nuevo Empleado'}</h3>
523:         </div>
524:         <button onclick={() => { isModalOpen = false; resetForm(); }} class="text-slate-400 hover:text-slate-600 text-lg p-1">
                      ^
525:           <i class="fas fa-times"></i>
526:         </button>
10:05:00 p. m. [vite-plugin-svelte] src/routes/(app)/iam/empleados/+page.svelte:549:7 A form label must be associated with a control
https://svelte.dev/e/a11y_label_has_associated_control
547:           <div class="grid grid-cols-1 sm:grid-cols-2 gap-4">
548:             <div>
549:               <label class="block text-xs font-semibold text-slate-600 mb-1">Nombre Completo *</label>
                                                                                                           ^
550:               <input type="text" bind:value={nuevoNombre} oninput={onInputChange} placeholder="Nombre y Apellidos" required class="w-full px-3 py-2 bg-slate-50 border border-slate-200 rounded-xl focus:ring-2 focus:ring-blue-500 focus:border-blue-500 focus:bg-white outline-none transition-all text-sm" />
551:             </div>
10:05:00 p. m. [vite-plugin-svelte] src/routes/(app)/iam/empleados/+page.svelte:553:7 A form label must be associated with a control
https://svelte.dev/e/a11y_label_has_associated_control
551:             </div>
552:             <div>
553:               <label class="block text-xs font-semibold text-slate-600 mb-1">Teléfono</label>
                                                                                                  ^
554:               <input type="text" bind:value={nuevoTelefono} oninput={onInputChange} placeholder="987654321" class="w-full px-3 py-2 bg-slate-50 border border-slate-200 rounded-xl focus:ring-2 focus:ring-blue-500 focus:border-blue-500 focus:bg-white outline-none transition-all text-sm" />
555:             </div>
10:05:00 p. m. [vite-plugin-svelte] src/routes/(app)/iam/empleados/+page.svelte:558:6 A form label must be associated with a control
https://svelte.dev/e/a11y_label_has_associated_control
556:           </div>
557:           <div class="mt-4">
558:             <label class="block text-xs font-semibold text-slate-600 mb-1">
                         ^
559:               Correo Electronico * 
560:               {#if editingEmpleadoId}
10:05:00 p. m. [vite-plugin-svelte] src/routes/(app)/iam/empleados/+page.svelte:578:7 A form label must be associated with a control
https://svelte.dev/e/a11y_label_has_associated_control
576:           <div class="grid grid-cols-1 sm:grid-cols-2 gap-4">
577:             <div>
578:               <label class="block text-xs font-semibold text-slate-600 mb-1">Rol de Acceso</label>
                                                                                                       ^
579:               <select bind:value={nuevoRolId} onchange={onInputChange} class="w-full px-3 py-2 bg-slate-50 border border-slate-200 rounded-xl focus:ring-2 focus:ring-blue-500 focus:border-blue-500 focus:bg-white outline-none transition-all text-sm">
580:                 <option value={null}>Sin Rol / Acceso Restringido</option>
10:05:00 p. m. [vite-plugin-svelte] src/routes/(app)/iam/empleados/+page.svelte:587:7 A form label must be associated with a control
https://svelte.dev/e/a11y_label_has_associated_control
585:             </div>
586:             <div>
587:               <label class="block text-xs font-semibold text-slate-600 mb-1">Área / Departamento</label>
                                                                                                             ^
588:               <select bind:value={nuevoAreaId} onchange={onInputChange} class="w-full px-3 py-2 bg-slate-50 border border-slate-200 rounded-xl focus:ring-2 focus:ring-blue-500 focus:border-blue-500 focus:bg-white outline-none transition-all text-sm">
589:                 <option value={null}>Sin Área Asignada</option>
10:05:00 p. m. [vite-plugin-svelte] src/routes/(app)/iam/empleados/+page.svelte:603:7 A form label must be associated with a control
https://svelte.dev/e/a11y_label_has_associated_control
601:           <div class="grid grid-cols-1 sm:grid-cols-2 gap-4">
602:             <div>
603:               <label class="block text-xs font-semibold text-slate-600 mb-1">Fecha de Ingreso *</label>
                                                                                                            ^
604:               <input type="date" bind:value={nuevaFechaIngreso} onchange={onInputChange} required class="w-full px-3 py-2 bg-slate-50 border border-slate-200 rounded-xl focus:ring-2 focus:ring-blue-500 focus:border-blue-500 focus:bg-white outline-none transition-all text-sm" />
605:             </div>
10:05:00 p. m. [vite-plugin-svelte] src/routes/(app)/iam/empleados/+page.svelte:607:7 A form label must be associated with a control
https://svelte.dev/e/a11y_label_has_associated_control
605:             </div>
606:             <div>
607:               <label class="block text-xs font-semibold text-slate-600 mb-1">Nivel Laboral</label>
                                                                                                       ^
608:               <input type="text" bind:value={nuevoNivel} oninput={onInputChange} placeholder="Junior, Senior, Practicante..." class="w-full px-3 py-2 bg-slate-50 border border-slate-200 rounded-xl focus:ring-2 focus:ring-blue-500 focus:border-blue-500 focus:bg-white outline-none transition-all text-sm" />
609:             </div>
10:05:00 p. m. [vite-plugin-svelte] src/routes/(app)/proyectos/partidas/+page.svelte:145:31 `a11y-no-static-element-interactions` is no longer valid — please use `a11y_no_static_element_interactions` instead
https://svelte.dev/e/legacy_code
143:         {#if showLeftDrawer || showRightDrawer}
144:             <!-- svelte-ignore a11y-click-events-have-key-events -->
145:             <!-- svelte-ignore a11y-no-static-element-interactions -->
                                                                       ^
146:             <div role="button" tabindex="0" class="fixed inset-0 bg-black/20 z-0 md:hidden" onclick={() => {showLeftDrawer = false; showRightDrawer = false;}}></div>
147:         {/if}
10:05:00 p. m. [vite-plugin-svelte] src/routes/(app)/proyectos/partidas/+page.svelte:144:31 `a11y-click-events-have-key-events` is no longer valid — please use `a11y_click_events_have_key_events` instead
https://svelte.dev/e/legacy_code
142:         <!-- Mobile overlay background -->
143:         {#if showLeftDrawer || showRightDrawer}
144:             <!-- svelte-ignore a11y-click-events-have-key-events -->
                                                                     ^
145:             <!-- svelte-ignore a11y-no-static-element-interactions -->
146:             <div role="button" tabindex="0" class="fixed inset-0 bg-black/20 z-0 md:hidden" onclick={() => {showLeftDrawer = false; showRightDrawer = false;}}></div>
10:05:00 p. m. [vite-plugin-svelte] src/routes/(app)/proyectos/partidas/+page.svelte:146:12 Visible, non-interactive elements with a click event must be accompanied by a keyboard event handler. Consider whether an interactive element such as `<button type="button">` or `<a>` might be more appropriate
https://svelte.dev/e/a11y_click_events_have_key_events
144:             <!-- svelte-ignore a11y-click-events-have-key-events -->
145:             <!-- svelte-ignore a11y-no-static-element-interactions -->
146:             <div role="button" tabindex="0" class="fixed inset-0 bg-black/20 z-0 md:hidden" onclick={() => {showLeftDrawer = false; showRightDrawer = false;}}></div>
                                                                                                                                                                          ^
147:         {/if}
148:     </main>
10:05:01 p. m. [vite-plugin-svelte] src/routes/(app)/comercial/clientes/+page.svelte:75:4 Buttons and links should either contain text or have an `aria-label`, `aria-labelledby` or `title` attribute
https://svelte.dev/e/a11y_consider_explicit_label
73:     <div class="flex flex-col">
74:       <div class="flex items-center gap-2 text-slate-500 text-sm mb-1">
75:         <a href="/comercial" class="hover:text-blue-600 transition-colors"><i class="fas fa-arrow-left"></i></a>
                                                                                                                    ^
76:         <span class="font-bold text-slate-800 text-2xl ml-2">Directorio de Clientes</span>
77:       </div>
10:05:01 p. m. [vite-plugin-svelte] src/routes/(app)/comercial/proveedores/+page.svelte:75:4 Buttons and links should either contain text or have an `aria-label`, `aria-labelledby` or `title` attribute
https://svelte.dev/e/a11y_consider_explicit_label
73:     <div class="flex flex-col">
74:       <div class="flex items-center gap-2 text-slate-500 text-sm mb-1">
75:         <a href="/comercial" class="hover:text-blue-600 transition-colors"><i class="fas fa-arrow-left"></i></a>
                                                                                                                    ^
76:         <span class="font-bold text-slate-800 text-2xl ml-2">Directorio de Proveedores</span>
77:       </div>
10:05:01 p. m. [vite-plugin-svelte] src/routes/(app)/iam/roles-permisos/+page.svelte:324:4 Buttons and links should either contain text or have an `aria-label`, `aria-labelledby` or `title` attribute
https://svelte.dev/e/a11y_consider_explicit_label
322:           <h3 class="font-bold text-slate-800 text-base">{editingRoleId ? 'Editar Rol' : 'Crear Nuevo Rol'}</h3>
323:         </div>
324:         <button onclick={() => isRoleModalOpen = false} class="text-slate-400 hover:text-slate-600 text-lg p-1">
                      ^
325:           <i class="fas fa-times"></i>
326:         </button>
10:05:01 p. m. [vite-plugin-svelte] src/routes/(app)/iam/roles-permisos/+page.svelte:338:5 A form label must be associated with a control
https://svelte.dev/e/a11y_label_has_associated_control
336: 
337:         <div>
338:           <label class="block text-xs font-semibold text-slate-600 mb-1">Nombre del Rol *</label>
                                                                                                      ^
339:           <input type="text" bind:value={nuevoRolNombre} placeholder="ej. supervisor" disabled={editingRoleId && nuevoRolNombre === 'administrador'} required class="w-full px-3 py-2 bg-slate-50 border border-slate-200 rounded-xl focus:ring-2 focus:ring-blue-500 focus:border-blue-500 focus:bg-white outline-none transition-all text-sm disabled:opacity-50" />
340:           <p class="text-[10px] text-slate-400 mt-1">Se guardará en minúsculas. Evita espacios.</p>
10:05:01 p. m. [vite-plugin-svelte] src/routes/(app)/iam/roles-permisos/+page.svelte:343:5 A form label must be associated with a control
https://svelte.dev/e/a11y_label_has_associated_control
341:         </div>
342:         <div>
343:           <label class="block text-xs font-semibold text-slate-600 mb-1">Descripción</label>
                                                                                                 ^
344:           <textarea bind:value={nuevoRolDescripcion} placeholder="Breve descripción de las responsabilidades..." rows="3" class="w-full px-3 py-2 bg-slate-50 border border-slate-200 rounded-xl focus:ring-2 focus:ring-blue-500 focus:border-blue-500 focus:bg-white outline-none transition-all text-sm resize-none"></textarea>
345:         </div>
10:05:01 p. m. [vite-plugin-svelte] src/routes/(app)/proyectos/gestion/[id]/+page.svelte:225:6 A form label must be associated with a control
https://svelte.dev/e/a11y_label_has_associated_control
223:         <div class="grid grid-cols-1 md:grid-cols-2 gap-6">
224:           <div>
225:             <label class="block text-xs font-bold text-slate-500 mb-1.5 uppercase tracking-wider">Nombre del Proyecto</label>
                                                                                                                                  ^
226:             <input type="text" value={proyecto.nombre_proyecto} class="w-full px-4 py-2.5 bg-slate-50 border border-slate-200 rounded-xl focus:bg-white focus:ring-2 focus:ring-orange-500 focus:border-orange-500 outline-none transition-all text-sm font-medium text-slate-800" />
227:           </div>
10:05:01 p. m. [vite-plugin-svelte] src/routes/(app)/proyectos/gestion/[id]/+page.svelte:229:6 A form label must be associated with a control
https://svelte.dev/e/a11y_label_has_associated_control
227:           </div>
228:           <div>
229:             <label class="block text-xs font-bold text-slate-500 mb-1.5 uppercase tracking-wider">Responsable (Residente)</label>
                                                                                                                                      ^
230:             <input type="text" value={proyecto.responsable || ''} placeholder="Ej. Ing. Juan Pérez" class="w-full px-4 py-2.5 bg-slate-50 border border-slate-200 rounded-xl focus:bg-white focus:ring-2 focus:ring-orange-500 focus:border-orange-500 outline-none transition-all text-sm font-medium text-slate-800" />
231:           </div>
10:05:01 p. m. [vite-plugin-svelte] src/routes/(app)/proyectos/gestion/[id]/+page.svelte:233:6 A form label must be associated with a control
https://svelte.dev/e/a11y_label_has_associated_control
231:           </div>
232:           <div class="md:col-span-2">
233:             <label class="block text-xs font-bold text-slate-500 mb-1.5 uppercase tracking-wider">Ubicación</label>
                                                                                                                        ^
234:             <input type="text" value={proyecto.ubicacion || ''} class="w-full px-4 py-2.5 bg-slate-50 border border-slate-200 rounded-xl focus:bg-white focus:ring-2 focus:ring-orange-500 focus:border-orange-500 outline-none transition-all text-sm font-medium text-slate-800" />
235:           </div>
10:05:01 p. m. [vite-plugin-svelte] src/routes/(app)/proyectos/gestion/[id]/+page.svelte:237:6 A form label must be associated with a control
https://svelte.dev/e/a11y_label_has_associated_control
235:           </div>
236:           <div class="md:col-span-2">
237:             <label class="block text-xs font-bold text-slate-500 mb-1.5 uppercase tracking-wider">Descripción</label>
                                                                                                                          ^
238:             <textarea rows="3" class="w-full px-4 py-2.5 bg-slate-50 border border-slate-200 rounded-xl focus:bg-white focus:ring-2 focus:ring-orange-500 focus:border-orange-500 outline-none transition-all text-sm font-medium text-slate-800 resize-none">{proyecto.descripcion || ''}</textarea>
239:           </div>
10:05:01 p. m. [vite-plugin-svelte] src/routes/(app)/proyectos/gestion/[id]/+page.svelte:241:6 A form label must be associated with a control
https://svelte.dev/e/a11y_label_has_associated_control
239:           </div>
240:           <div>
241:             <label class="block text-xs font-bold text-slate-500 mb-1.5 uppercase tracking-wider">Cliente ID</label>
                                                                                                                         ^
242:             <input type="text" value={proyecto.id_cliente || ''} class="w-full px-4 py-2.5 bg-slate-50 border border-slate-200 rounded-xl focus:bg-white focus:ring-2 focus:ring-orange-500 focus:border-orange-500 outline-none transition-all text-sm font-medium text-slate-800" />
243:           </div>
10:05:01 p. m. [vite-plugin-svelte] src/routes/(app)/proyectos/gestion/[id]/+page.svelte:245:6 A form label must be associated with a control
https://svelte.dev/e/a11y_label_has_associated_control
243:           </div>
244:           <div>
245:             <label class="block text-xs font-bold text-slate-500 mb-1.5 uppercase tracking-wider">Tipo de Proyecto</label>
                                                                                                                               ^
246:             <input type="text" value={proyecto.tip_proyecto || ''} class="w-full px-4 py-2.5 bg-slate-50 border border-slate-200 rounded-xl focus:bg-white focus:ring-2 focus:ring-orange-500 focus:border-orange-500 outline-none transition-all text-sm font-medium text-slate-800" />
247:           </div>
10:05:01 p. m. [vite-plugin-svelte] src/routes/(app)/proyectos/gestion/[id]/+page.svelte:249:6 A form label must be associated with a control
https://svelte.dev/e/a11y_label_has_associated_control
247:           </div>
248:           <div>
249:             <label class="block text-xs font-bold text-slate-500 mb-1.5 uppercase tracking-wider">Estado Predio</label>
                                                                                                                            ^
250:             <input type="text" value={proyecto.estado_predio || ''} class="w-full px-4 py-2.5 bg-slate-50 border border-slate-200 rounded-xl focus:bg-white focus:ring-2 focus:ring-orange-500 focus:border-orange-500 outline-none transition-all text-sm font-medium text-slate-800" />
251:           </div>
10:05:01 p. m. [vite-plugin-svelte] src/routes/(app)/proyectos/gestion/[id]/+page.svelte:253:6 A form label must be associated with a control
https://svelte.dev/e/a11y_label_has_associated_control
251:           </div>
252:           <div>
253:             <label class="block text-xs font-bold text-slate-500 mb-1.5 uppercase tracking-wider">Tipo Edificación</label>
                                                                                                                               ^
254:             <input type="text" value={proyecto.tipo_edifica || ''} class="w-full px-4 py-2.5 bg-slate-50 border border-slate-200 rounded-xl focus:bg-white focus:ring-2 focus:ring-orange-500 focus:border-orange-500 outline-none transition-all text-sm font-medium text-slate-800" />
255:           </div>
10:05:01 p. m. [vite-plugin-svelte] src/routes/(app)/proyectos/gestion/[id]/+page.svelte:257:6 A form label must be associated with a control
https://svelte.dev/e/a11y_label_has_associated_control
255:           </div>
256:           <div>
257:             <label class="block text-xs font-bold text-slate-500 mb-1.5 uppercase tracking-wider">Nro pisos</label>
                                                                                                                        ^
258:             <input type="number" value={proyecto.Nro_pisos ?? ''} class="w-full px-4 py-2.5 bg-slate-50 border border-slate-200 rounded-xl focus:bg-white focus:ring-2 focus:ring-orange-500 focus:border-orange-500 outline-none transition-all text-sm font-medium text-slate-800" />
259:           </div>
10:05:01 p. m. [vite-plugin-svelte] src/routes/(app)/proyectos/gestion/[id]/+page.svelte:261:6 A form label must be associated with a control
https://svelte.dev/e/a11y_label_has_associated_control
259:           </div>
260:           <div>
261:             <label class="block text-xs font-bold text-slate-500 mb-1.5 uppercase tracking-wider">Distrito</label>
                                                                                                                       ^
262:             <input type="text" value={proyecto.distrito || ''} class="w-full px-4 py-2.5 bg-slate-50 border border-slate-200 rounded-xl focus:bg-white focus:ring-2 focus:ring-orange-500 focus:border-orange-500 outline-none transition-all text-sm font-medium text-slate-800" />
263:           </div>
10:05:01 p. m. [vite-plugin-svelte] src/routes/(app)/proyectos/gestion/[id]/+page.svelte:265:6 A form label must be associated with a control
https://svelte.dev/e/a11y_label_has_associated_control
263:           </div>
264:           <div>
265:             <label class="block text-xs font-bold text-slate-500 mb-1.5 uppercase tracking-wider">Provincia</label>
                                                                                                                        ^
266:             <input type="text" value={proyecto.provincia || ''} class="w-full px-4 py-2.5 bg-slate-50 border border-slate-200 rounded-xl focus:bg-white focus:ring-2 focus:ring-orange-500 focus:border-orange-500 outline-none transition-all text-sm font-medium text-slate-800" />
267:           </div>
10:05:01 p. m. [vite-plugin-svelte] src/routes/(app)/proyectos/gestion/[id]/+page.svelte:269:6 A form label must be associated with a control
https://svelte.dev/e/a11y_label_has_associated_control
267:           </div>
268:           <div>
269:             <label class="block text-xs font-bold text-slate-500 mb-1.5 uppercase tracking-wider">Departamento</label>
                                                                                                                           ^
270:             <input type="text" value={proyecto.departamento || ''} class="w-full px-4 py-2.5 bg-slate-50 border border-slate-200 rounded-xl focus:bg-white focus:ring-2 focus:ring-orange-500 focus:border-orange-500 outline-none transition-all text-sm font-medium text-slate-800" />
271:           </div>
10:05:01 p. m. [vite-plugin-svelte] src/routes/(app)/proyectos/gestion/[id]/+page.svelte:277:6 A form label must be associated with a control
https://svelte.dev/e/a11y_label_has_associated_control
275:         <div class="grid grid-cols-1 md:grid-cols-3 gap-6">
276:           <div>
277:             <label class="block text-xs font-bold text-slate-500 mb-1.5 uppercase tracking-wider">Fecha Inicio Plan.</label>
                                                                                                                                 ^
278:             <input type="date" value={proyecto.fecha_inicio_plan || ''} class="w-full px-4 py-2.5 bg-slate-50 border border-slate-200 rounded-xl focus:bg-white focus:ring-2 focus:ring-orange-500 focus:border-orange-500 outline-none transition-all text-sm font-medium text-slate-800" />
279:           </div>
10:05:01 p. m. [vite-plugin-svelte] src/routes/(app)/proyectos/gestion/[id]/+page.svelte:281:6 A form label must be associated with a control
https://svelte.dev/e/a11y_label_has_associated_control
279:           </div>
280:           <div>
281:             <label class="block text-xs font-bold text-slate-500 mb-1.5 uppercase tracking-wider">Fecha Fin Plan.</label>
                                                                                                                              ^
282:             <input type="date" value={proyecto.fecha_fin_plan || ''} class="w-full px-4 py-2.5 bg-slate-50 border border-slate-200 rounded-xl focus:bg-white focus:ring-2 focus:ring-orange-500 focus:border-orange-500 outline-none transition-all text-sm font-medium text-slate-800" />
283:           </div>
10:05:01 p. m. [vite-plugin-svelte] src/routes/(app)/proyectos/gestion/[id]/+page.svelte:285:6 A form label must be associated with a control
https://svelte.dev/e/a11y_label_has_associated_control
283:           </div>
284:           <div>
285:             <label class="block text-xs font-bold text-slate-500 mb-1.5 uppercase tracking-wider">Costo Estimado (S/)</label>
                                                                                                                                  ^
286:             <input type="number" value={proyecto.costo_estima || ''} class="w-full px-4 py-2.5 bg-slate-50 border border-slate-200 rounded-xl focus:bg-white focus:ring-2 focus:ring-orange-500 focus:border-orange-500 outline-none transition-all text-sm font-medium text-slate-800" />
287:           </div>
10:05:01 p. m. [vite-plugin-svelte] src/routes/(app)/proyectos/gestion/[id]/+page.svelte:289:6 A form label must be associated with a control
https://svelte.dev/e/a11y_label_has_associated_control
287:           </div>
288:           <div>
289:             <label class="block text-xs font-bold text-slate-500 mb-1.5 uppercase tracking-wider">Precio Venta (S/)</label>
                                                                                                                                ^
290:             <input type="number" value={proyecto.precio_venta || ''} class="w-full px-4 py-2.5 bg-slate-50 border border-slate-200 rounded-xl focus:bg-white focus:ring-2 focus:ring-orange-500 focus:border-orange-500 outline-none transition-all text-sm font-medium text-slate-800" />
291:           </div>
10:05:01 p. m. [vite-plugin-svelte] src/routes/(app)/proyectos/gestion/[id]/+page.svelte:293:6 A form label must be associated with a control
https://svelte.dev/e/a11y_label_has_associated_control
291:           </div>
292:           <div>
293:             <label class="block text-xs font-bold text-slate-500 mb-1.5 uppercase tracking-wider">Duración Semanas</label>
                                                                                                                               ^
294:             <input type="number" value={proyecto.duracion_semanas || ''} class="w-full px-4 py-2.5 bg-slate-50 border border-slate-200 rounded-xl focus:bg-white focus:ring-2 focus:ring-orange-500 focus:border-orange-500 outline-none transition-all text-sm font-medium text-slate-800" />
295:           </div>
10:05:01 p. m. [vite-plugin-svelte] src/routes/(app)/proyectos/gestion/[id]/+page.svelte:297:6 A form label must be associated with a control
https://svelte.dev/e/a11y_label_has_associated_control
295:           </div>
296:           <div>
297:             <label class="block text-xs font-bold text-slate-500 mb-1.5 uppercase tracking-wider">Área Terreno (m2)</label>
                                                                                                                                ^
298:             <input type="number" value={proyecto.area_terreno || ''} class="w-full px-4 py-2.5 bg-slate-50 border border-slate-200 rounded-xl focus:bg-white focus:ring-2 focus:ring-orange-500 focus:border-orange-500 outline-none transition-all text-sm font-medium text-slate-800" />
299:           </div>
10:05:01 p. m. [vite-plugin-svelte] src/routes/(app)/proyectos/gestion/[id]/+page.svelte:301:6 A form label must be associated with a control
https://svelte.dev/e/a11y_label_has_associated_control
299:           </div>
300:           <div>
301:             <label class="block text-xs font-bold text-slate-500 mb-1.5 uppercase tracking-wider">Área Construida (m2)</label>
                                                                                                                                   ^
302:             <input type="number" value={proyecto.area_construida || ''} class="w-full px-4 py-2.5 bg-slate-50 border border-slate-200 rounded-xl focus:bg-white focus:ring-2 focus:ring-orange-500 focus:border-orange-500 outline-none transition-all text-sm font-medium text-slate-800" />
303:           </div>
10:05:01 p. m. [vite-plugin-svelte] src/routes/(app)/proyectos/gestion/[id]/+page.svelte:309:6 A form label must be associated with a control
https://svelte.dev/e/a11y_label_has_associated_control
307:         <div class="grid grid-cols-1 md:grid-cols-2 gap-6">
308:           <div>
309:             <label class="block text-xs font-bold text-slate-500 mb-1.5 uppercase tracking-wider">Contrato URL</label>
                                                                                                                           ^
310:             <input type="text" value={proyecto.contrato || ''} class="w-full px-4 py-2.5 bg-slate-50 border border-slate-200 rounded-xl focus:bg-white focus:ring-2 focus:ring-orange-500 focus:border-orange-500 outline-none transition-all text-sm font-medium text-slate-800" />
311:           </div>
10:05:01 p. m. [vite-plugin-svelte] src/routes/(app)/proyectos/gestion/[id]/+page.svelte:313:6 A form label must be associated with a control
https://svelte.dev/e/a11y_label_has_associated_control
311:           </div>
312:           <div>
313:             <label class="block text-xs font-bold text-slate-500 mb-1.5 uppercase tracking-wider">Asesor Comercial ID</label>
                                                                                                                                  ^
314:             <input type="text" value={proyecto.asesor_comercial_id || ''} class="w-full px-4 py-2.5 bg-slate-50 border border-slate-200 rounded-xl focus:bg-white focus:ring-2 focus:ring-orange-500 focus:border-orange-500 outline-none transition-all text-sm font-medium text-slate-800" />
315:           </div>
10:05:01 p. m. [vite-plugin-svelte] src/routes/(app)/proyectos/gestion/[id]/+page.svelte:317:6 A form label must be associated with a control
https://svelte.dev/e/a11y_label_has_associated_control
315:           </div>
316:           <div>
317:             <label class="block text-xs font-bold text-slate-500 mb-1.5 uppercase tracking-wider">Comisión Asesor (%)</label>
                                                                                                                                  ^
318:             <input type="number" value={proyecto.comision_asesor || ''} class="w-full px-4 py-2.5 bg-slate-50 border border-slate-200 rounded-xl focus:bg-white focus:ring-2 focus:ring-orange-500 focus:border-orange-500 outline-none transition-all text-sm font-medium text-slate-800" />
319:           </div>
10:05:01 p. m. [vite-plugin-svelte] src/routes/(app)/proyectos/gestion/[id]/+page.svelte:321:6 A form label must be associated with a control
https://svelte.dev/e/a11y_label_has_associated_control
319:           </div>
320:           <div>
321:             <label class="block text-xs font-bold text-slate-500 mb-1.5 uppercase tracking-wider">Presupuesto Inicial</label>
                                                                                                                                  ^
322:             <input type="text" value={proyecto.id_pres_inicial ?? ''} class="w-full px-4 py-2.5 bg-slate-50 border border-slate-200 rounded-xl focus:bg-white focus:ring-2 focus:ring-orange-500 focus:border-orange-500 outline-none transition-all text-sm font-medium text-slate-800" />
323:           </div>
10:05:01 p. m. [vite-plugin-svelte] src/routes/(app)/proyectos/gestion/[id]/+page.svelte:325:6 A form label must be associated with a control
https://svelte.dev/e/a11y_label_has_associated_control
323:           </div>
324:           <div>
325:             <label class="block text-xs font-bold text-slate-500 mb-1.5 uppercase tracking-wider">Presupuesto Final</label>
                                                                                                                                ^
326:             <input type="text" value={proyecto.id_pres_final ?? ''} class="w-full px-4 py-2.5 bg-slate-50 border border-slate-200 rounded-xl focus:bg-white focus:ring-2 focus:ring-orange-500 focus:border-orange-500 outline-none transition-all text-sm font-medium text-slate-800" />
327:           </div>
10:05:01 p. m. [vite-plugin-svelte] src/routes/(app)/proyectos/gestion/[id]/+page.svelte:329:6 A form label must be associated with a control
https://svelte.dev/e/a11y_label_has_associated_control
327:           </div>
328:           <div class="md:col-span-2">
329:             <label class="block text-xs font-bold text-slate-500 mb-1.5 uppercase tracking-wider">Usuario Registro</label>
                                                                                                                               ^
330:             <input type="text" value={proyecto.usuario_registro || ''} class="w-full px-4 py-2.5 bg-slate-50 border border-slate-200 rounded-xl focus:bg-white focus:ring-2 focus:ring-orange-500 focus:border-orange-500 outline-none transition-all text-sm font-medium text-slate-800" />
331:           </div>
10:05:01 p. m. [vite-plugin-svelte] src/routes/(app)/proyectos/gestion/[id]/+page.svelte:337:6 A form label must be associated with a control
https://svelte.dev/e/a11y_label_has_associated_control
335:         <div class="grid grid-cols-1 md:grid-cols-3 gap-6">
336:           <div>
337:             <label class="block text-xs font-bold text-slate-500 mb-1.5 uppercase tracking-wider">Estado Proyecto</label>
                                                                                                                              ^
338:             <input type="text" value={proyecto.estado_proyecto || ''} class="w-full px-4 py-2.5 bg-slate-50 border border-slate-200 rounded-xl focus:bg-white focus:ring-2 focus:ring-orange-500 focus:border-orange-500 outline-none transition-all text-sm font-medium text-slate-800" />
339:           </div>
10:05:01 p. m. [vite-plugin-svelte] src/routes/(app)/proyectos/gestion/[id]/+page.svelte:341:6 A form label must be associated with a control
https://svelte.dev/e/a11y_label_has_associated_control
339:           </div>
340:           <div>
341:             <label class="block text-xs font-bold text-slate-500 mb-1.5 uppercase tracking-wider">Creado</label>
                                                                                                                     ^
342:             <input type="text" value={proyecto.created_at || ''} disabled class="w-full px-4 py-2.5 bg-slate-100 border border-slate-200 rounded-xl text-slate-500 text-sm" />
343:           </div>
10:05:01 p. m. [vite-plugin-svelte] src/routes/(app)/proyectos/gestion/[id]/+page.svelte:345:6 A form label must be associated with a control
https://svelte.dev/e/a11y_label_has_associated_control
343:           </div>
344:           <div>
345:             <label class="block text-xs font-bold text-slate-500 mb-1.5 uppercase tracking-wider">Actualizado</label>
                                                                                                                          ^
346:             <input type="text" value={proyecto.updated_at || ''} disabled class="w-full px-4 py-2.5 bg-slate-100 border border-slate-200 rounded-xl text-slate-500 text-sm" />
347:           </div>
10:05:01 p. m. [vite-plugin-svelte] src/routes/(app)/proyectos/gestion/[id]/+page.svelte:391:9 Buttons and links should either contain text or have an `aria-label`, `aria-labelledby` or `title` attribute
https://svelte.dev/e/a11y_consider_explicit_label
389:                 <td class="p-4 text-right font-bold text-slate-700">376.25</td>
390:                 <td class="p-4 text-center">
391:                   <button class="w-8 h-8 rounded bg-white border border-slate-200 hover:border-rose-300 hover:bg-rose-50 hover:text-rose-600 text-slate-400 transition-colors shadow-sm">
                                ^
392:                     <i class="fas fa-trash-alt text-xs"></i>
393:                   </button>
10:05:01 p. m. [vite-plugin-svelte] src/routes/(app)/proyectos/gestion/[id]/+page.svelte:408:9 Buttons and links should either contain text or have an `aria-label`, `aria-labelledby` or `title` attribute
https://svelte.dev/e/a11y_consider_explicit_label
406:                 <td class="p-4 text-right font-bold text-slate-700">2,034.00</td>
407:                 <td class="p-4 text-center">
408:                   <button class="w-8 h-8 rounded bg-white border border-slate-200 hover:border-rose-300 hover:bg-rose-50 hover:text-rose-600 text-slate-400 transition-colors shadow-sm">
                                ^
409:                     <i class="fas fa-trash-alt text-xs"></i>
410:                   </button>
10:05:01 p. m. [vite-plugin-svelte] src/lib/components/comercial/clientes/ClienteModal.svelte:105:4 Buttons and links should either contain text or have an `aria-label`, `aria-labelledby` or `title` attribute
https://svelte.dev/e/a11y_consider_explicit_label
103:           {clienteEdit ? 'Editar Cliente' : 'Nuevo Cliente'}
104:         </h2>
105:         <button on:click={onClose} disabled={isSaving} class="text-slate-400 hover:text-slate-600 transition-colors p-2 rounded-full hover:bg-slate-100 disabled:opacity-50">
                      ^
106:           <i class="fas fa-times text-lg"></i>
107:         </button>
10:05:01 p. m. [vite-plugin-svelte] src/lib/components/comercial/clientes/ClienteModal.svelte:105:12 Using `on:click` to listen to the click event is deprecated. Use the event attribute `onclick` instead
https://svelte.dev/e/event_directive_deprecated
103:           {clienteEdit ? 'Editar Cliente' : 'Nuevo Cliente'}
104:         </h2>
105:         <button on:click={onClose} disabled={isSaving} class="text-slate-400 hover:text-slate-600 transition-colors p-2 rounded-full hover:bg-slate-100 disabled:opacity-50">
                                       ^
106:           <i class="fas fa-times text-lg"></i>
107:         </button>
10:05:01 p. m. [vite-plugin-svelte] src/lib/components/comercial/clientes/ClienteModal.svelte:123:7 A form label must be associated with a control
https://svelte.dev/e/a11y_label_has_associated_control
121:           <div class="grid grid-cols-1 md:grid-cols-2 gap-4">
122:             <div class="flex flex-col gap-1 md:col-span-1">
123:               <label class="text-xs font-semibold text-slate-600">Tipo de Persona *</label>
                                                                                                ^
124:               <select bind:value={tipPersona} disabled={isSaving} class="px-3 py-2.5 bg-slate-50 border border-slate-200 rounded-lg text-sm focus:ring-2 focus:ring-blue-500 outline-none transition-all">
125:                 <option value="J">Jurídica (Empresa)</option>
10:05:01 p. m. [vite-plugin-svelte] src/lib/components/comercial/clientes/ClienteModal.svelte:131:7 A form label must be associated with a control
https://svelte.dev/e/a11y_label_has_associated_control
129: 
130:             <div class="flex flex-col gap-1 md:col-span-1">
131:               <label class="text-xs font-semibold text-slate-600">Tipo de Documento *</label>
                                                                                                  ^
132:               <select bind:value={tipoDoc} disabled={isSaving} class="px-3 py-2.5 bg-slate-50 border border-slate-200 rounded-lg text-sm focus:ring-2 focus:ring-blue-500 outline-none transition-all">
133:                 <option value="RUC">RUC</option>
10:05:01 p. m. [vite-plugin-svelte] src/lib/components/comercial/clientes/ClienteModal.svelte:140:7 A form label must be associated with a control
https://svelte.dev/e/a11y_label_has_associated_control
138: 
139:             <div class="flex flex-col gap-1 md:col-span-2">
140:               <label class="text-xs font-semibold text-slate-600">{tipPersona === 'J' ? 'Razón Social' : 'Nombre Completo'} *</label>
                                                                                                                                          ^
141:               <input type="text" bind:value={nombre} disabled={isSaving} placeholder={tipPersona === 'J' ? "Ej. Constructora ABC S.A.C." : "Ej. Juan Pérez"} class="px-3 py-2.5 bg-slate-50 border border-slate-200 rounded-lg text-sm focus:ring-2 focus:ring-blue-500 outline-none transition-all">
142:             </div>
10:05:01 p. m. [vite-plugin-svelte] src/lib/components/comercial/clientes/ClienteModal.svelte:145:7 A form label must be associated with a control
https://svelte.dev/e/a11y_label_has_associated_control
143: 
144:             <div class="flex flex-col gap-1 md:col-span-2">
145:               <label class="text-xs font-semibold text-slate-600">Nº de Documento ({tipoDoc}) *</label>
                                                                                                            ^
146:               <input type="text" bind:value={numDocumento} disabled={isSaving} placeholder="Ej. 20123456789" class="px-3 py-2.5 bg-slate-50 border border-slate-200 rounded-lg text-sm focus:ring-2 focus:ring-blue-500 outline-none transition-all">
147:             </div>
10:05:01 p. m. [vite-plugin-svelte] src/lib/components/comercial/clientes/ClienteModal.svelte:150:7 A form label must be associated with a control
https://svelte.dev/e/a11y_label_has_associated_control
148: 
149:             <div class="flex flex-col gap-1 md:col-span-2">
150:               <label class="text-xs font-semibold text-slate-600">Dirección</label>
                                                                                        ^
151:               <input type="text" bind:value={direccion} disabled={isSaving} placeholder="Ej. Av. Javier Prado 123, San Isidro" class="px-3 py-2.5 bg-slate-50 border border-slate-200 rounded-lg text-sm focus:ring-2 focus:ring-blue-500 outline-none transition-all">
152:             </div>
10:05:01 p. m. [vite-plugin-svelte] src/lib/components/comercial/clientes/ClienteModal.svelte:155:7 A form label must be associated with a control
https://svelte.dev/e/a11y_label_has_associated_control
153: 
154:             <div class="flex flex-col gap-1 md:col-span-1">
155:               <label class="text-xs font-semibold text-slate-600">Teléfono</label>
                                                                                       ^
156:               <input type="text" bind:value={telefono} disabled={isSaving} placeholder="Ej. 987654321" class="px-3 py-2.5 bg-slate-50 border border-slate-200 rounded-lg text-sm focus:ring-2 focus:ring-blue-500 outline-none transition-all">
157:             </div>
10:05:01 p. m. [vite-plugin-svelte] src/lib/components/comercial/clientes/ClienteModal.svelte:160:7 A form label must be associated with a control
https://svelte.dev/e/a11y_label_has_associated_control
158: 
159:             <div class="flex flex-col gap-1 md:col-span-1">
160:               <label class="text-xs font-semibold text-slate-600">Correo Electrónico</label>
                                                                                                 ^
161:               <input type="email" bind:value={email} disabled={isSaving} placeholder="Ej. contacto@empresa.com" class="px-3 py-2.5 bg-slate-50 border border-slate-200 rounded-lg text-sm focus:ring-2 focus:ring-blue-500 outline-none transition-all">
162:             </div>
10:05:01 p. m. [vite-plugin-svelte] src/lib/components/comercial/clientes/ClienteModal.svelte:170:12 Using `on:click` to listen to the click event is deprecated. Use the event attribute `onclick` instead
https://svelte.dev/e/event_directive_deprecated
168:       <!-- Footer -->
169:       <div class="p-6 border-t border-slate-100 bg-slate-50 rounded-b-2xl flex justify-end gap-3">
170:         <button on:click={onClose} disabled={isSaving} class="px-5 py-2.5 bg-white border border-slate-200 text-slate-600 rounded-xl hover:bg-slate-50 hover:text-slate-800 font-medium text-sm transition-colors shadow-sm disabled:opacity-50">
                                       ^
171:           Cancelar
172:         </button>
10:05:01 p. m. [vite-plugin-svelte] src/lib/components/comercial/clientes/ClienteModal.svelte:173:12 Using `on:click` to listen to the click event is deprecated. Use the event attribute `onclick` instead
https://svelte.dev/e/event_directive_deprecated
171:           Cancelar
172:         </button>
173:         <button on:click={handleGuardar} disabled={isSaving} class="px-6 py-2.5 bg-blue-600 text-white rounded-xl hover:bg-blue-700 font-medium text-sm shadow-md shadow-blue-600/20 active:scale-[0.98] transition-all flex items-center gap-2 disabled:opacity-50 disabled:active:scale-100">
                                             ^
174:           {#if isSaving}
175:             <i class="fas fa-spinner fa-spin"></i> Guardando...
10:05:01 p. m. [vite-plugin-svelte] src/lib/components/comercial/proveedores/ProveedorModal.svelte:101:4 Buttons and links should either contain text or have an `aria-label`, `aria-labelledby` or `title` attribute
https://svelte.dev/e/a11y_consider_explicit_label
 99:           {proveedorEdit ? 'Editar Proveedor' : 'Nuevo Proveedor'}
100:         </h2>
101:         <button onclick={onClose} disabled={isSaving} class="text-slate-400 hover:text-slate-600 transition-colors p-2 rounded-full hover:bg-slate-100 disabled:opacity-50">
                      ^
102:           <i class="fas fa-times text-lg"></i>
103:         </button>
10:05:01 p. m. [vite-plugin-svelte] src/lib/components/comercial/proveedores/ProveedorModal.svelte:119:7 A form label must be associated with a control
https://svelte.dev/e/a11y_label_has_associated_control
117:           <div class="grid grid-cols-1 md:grid-cols-2 gap-4">
118:             <div class="flex flex-col gap-1 md:col-span-2">
119:               <label class="text-xs font-semibold text-slate-600">Razón Social *</label>
                                                                                             ^
120:               <input type="text" bind:value={razonSocial} disabled={isSaving} placeholder="Ej. Corporación ABC S.A.C." class="px-3 py-2.5 bg-slate-50 border border-slate-200 rounded-lg text-sm focus:ring-2 focus:ring-blue-500 outline-none transition-all">
121:             </div>
10:05:01 p. m. [vite-plugin-svelte] src/lib/components/comercial/proveedores/ProveedorModal.svelte:124:7 A form label must be associated with a control
https://svelte.dev/e/a11y_label_has_associated_control
122: 
123:             <div class="flex flex-col gap-1 md:col-span-1">
124:               <label class="text-xs font-semibold text-slate-600">RUC *</label>
                                                                                    ^
125:               <input type="text" bind:value={ruc} disabled={isSaving} placeholder="Ej. 20123456789" class="px-3 py-2.5 bg-slate-50 border border-slate-200 rounded-lg text-sm focus:ring-2 focus:ring-blue-500 outline-none transition-all">
126:             </div>
10:05:01 p. m. [vite-plugin-svelte] src/lib/components/comercial/proveedores/ProveedorModal.svelte:129:7 A form label must be associated with a control
https://svelte.dev/e/a11y_label_has_associated_control
127:             
128:             <div class="flex flex-col gap-1 md:col-span-1">
129:               <label class="text-xs font-semibold text-slate-600">Vendedor Asignado (Nosotros)</label>
                                                                                                           ^
130:               <input type="text" bind:value={vendedor} disabled={isSaving} placeholder="Ej. Juan Pérez" class="px-3 py-2.5 bg-slate-50 border border-slate-200 rounded-lg text-sm focus:ring-2 focus:ring-blue-500 outline-none transition-all">
131:             </div>
10:05:01 p. m. [vite-plugin-svelte] src/lib/components/comercial/proveedores/ProveedorModal.svelte:141:7 A form label must be associated with a control
https://svelte.dev/e/a11y_label_has_associated_control
139: 
140:             <div class="flex flex-col gap-1 md:col-span-2">
141:               <label class="text-xs font-semibold text-slate-600">Nombre del Contacto</label>
                                                                                                  ^
142:               <input type="text" bind:value={contacto} disabled={isSaving} placeholder="Ej. Ana García" class="px-3 py-2.5 bg-slate-50 border border-slate-200 rounded-lg text-sm focus:ring-2 focus:ring-blue-500 outline-none transition-all">
143:             </div>
10:05:01 p. m. [vite-plugin-svelte] src/lib/components/comercial/proveedores/ProveedorModal.svelte:146:7 A form label must be associated with a control
https://svelte.dev/e/a11y_label_has_associated_control
144: 
145:             <div class="flex flex-col gap-1 md:col-span-1">
146:               <label class="text-xs font-semibold text-slate-600">Teléfono</label>
                                                                                       ^
147:               <input type="text" bind:value={telefono} disabled={isSaving} placeholder="Ej. 987654321" class="px-3 py-2.5 bg-slate-50 border border-slate-200 rounded-lg text-sm focus:ring-2 focus:ring-blue-500 outline-none transition-all">
148:             </div>
10:05:01 p. m. [vite-plugin-svelte] src/lib/components/comercial/proveedores/ProveedorModal.svelte:151:7 A form label must be associated with a control
https://svelte.dev/e/a11y_label_has_associated_control
149: 
150:             <div class="flex flex-col gap-1 md:col-span-1">
151:               <label class="text-xs font-semibold text-slate-600">Correo Electrónico</label>
                                                                                                 ^
152:               <input type="email" bind:value={email} disabled={isSaving} placeholder="Ej. ventas@empresa.com" class="px-3 py-2.5 bg-slate-50 border border-slate-200 rounded-lg text-sm focus:ring-2 focus:ring-blue-500 outline-none transition-all">
153:             </div>
10:05:01 p. m. [vite-plugin-svelte] src/lib/components/partidas/TreeView.svelte:21:23 `a11y-no-static-element-interactions` is no longer valid — please use `a11y_no_static_element_interactions` instead
https://svelte.dev/e/legacy_code
19:     {@const hasChildren = node.children && node.children.length > 0}
20:     <!-- svelte-ignore a11y-click-events-have-key-events -->
21:     <!-- svelte-ignore a11y-no-static-element-interactions -->
                                                              ^
22:     <div class="group flex items-center py-1.5 px-3 cursor-pointer text-sm hover:bg-[#f1f5f9] transition-colors border-l-2 {$selectedPartida?.id_partida === node.id_partida ? 'bg-[#e0edf9] border-[#0f3b5e]' : 'border-transparent'}" style="padding-left: {16 + level * 16}px;" on:click={() => select(node)}>
23:         <div class="w-5 text-center text-[#94a3b8] text-[10px] mr-1" on:click|stopPropagation={() => hasChildren && toggle(node.id_partida)}>
10:05:01 p. m. [vite-plugin-svelte] src/lib/components/partidas/TreeView.svelte:20:23 `a11y-click-events-have-key-events` is no longer valid — please use `a11y_click_events_have_key_events` instead
https://svelte.dev/e/legacy_code
18: {#each nodes as node}
19:     {@const hasChildren = node.children && node.children.length > 0}
20:     <!-- svelte-ignore a11y-click-events-have-key-events -->
                                                            ^
21:     <!-- svelte-ignore a11y-no-static-element-interactions -->
22:     <div class="group flex items-center py-1.5 px-3 cursor-pointer text-sm hover:bg-[#f1f5f9] transition-colors border-l-2 {$selectedPartida?.id_partida === node.id_partida ? 'bg-[#e0edf9] border-[#0f3b5e]' : 'border-transparent'}" style="padding-left: {16 + level * 16}px;" on:click={() => select(node)}>
10:05:01 p. m. [vite-plugin-svelte] src/lib/components/partidas/TreeView.svelte:22:4 Visible, non-interactive elements with a click event must be accompanied by a keyboard event handler. Consider whether an interactive element such as `<button type="button">` or `<a>` might be more appropriate
https://svelte.dev/e/a11y_click_events_have_key_events
20:     <!-- svelte-ignore a11y-click-events-have-key-events -->
21:     <!-- svelte-ignore a11y-no-static-element-interactions -->
22:     <div class="group flex items-center py-1.5 px-3 cursor-pointer text-sm hover:bg-[#f1f5f9] transition-colors border-l-2 {$selectedPartida?.id_partida === node.id_partida ? 'bg-[#e0edf9] border-[#0f3b5e]' : 'border-transparent'}" style="padding-left: {16 + level * 16}px;" on:click={() => select(node)}>
              ^
23:         <div class="w-5 text-center text-[#94a3b8] text-[10px] mr-1" on:click|stopPropagation={() => hasChildren && toggle(node.id_partida)}>
24:             {#if hasChildren}
10:05:01 p. m. [vite-plugin-svelte] src/lib/components/partidas/TreeView.svelte:22:4 `<div>` with a click handler must have an ARIA role
https://svelte.dev/e/a11y_no_static_element_interactions
20:     <!-- svelte-ignore a11y-click-events-have-key-events -->
21:     <!-- svelte-ignore a11y-no-static-element-interactions -->
22:     <div class="group flex items-center py-1.5 px-3 cursor-pointer text-sm hover:bg-[#f1f5f9] transition-colors border-l-2 {$selectedPartida?.id_partida === node.id_partida ? 'bg-[#e0edf9] border-[#0f3b5e]' : 'border-transparent'}" style="padding-left: {16 + level * 16}px;" on:click={() => select(node)}>
              ^
23:         <div class="w-5 text-center text-[#94a3b8] text-[10px] mr-1" on:click|stopPropagation={() => hasChildren && toggle(node.id_partida)}>
24:             {#if hasChildren}
10:05:01 p. m. [vite-plugin-svelte] src/lib/components/partidas/TreeView.svelte:22:275 Using `on:click` to listen to the click event is deprecated. Use the event attribute `onclick` instead
https://svelte.dev/e/event_directive_deprecated
20:     <!-- svelte-ignore a11y-click-events-have-key-events -->
21:     <!-- svelte-ignore a11y-no-static-element-interactions -->
22:     <div class="group flex items-center py-1.5 px-3 cursor-pointer text-sm hover:bg-[#f1f5f9] transition-colors border-l-2 {$selectedPartida?.id_partida === node.id_partida ? 'bg-[#e0edf9] border-[#0f3b5e]' : 'border-transparent'}" style="padding-left: {16 + level * 16}px;" on:click={() => select(node)}>
                                                                                                                                                                                                                                                                                                                    ^
23:         <div class="w-5 text-center text-[#94a3b8] text-[10px] mr-1" on:click|stopPropagation={() => hasChildren && toggle(node.id_partida)}>
24:             {#if hasChildren}
10:05:01 p. m. [vite-plugin-svelte] src/lib/components/partidas/TreeView.svelte:23:8 Visible, non-interactive elements with a click event must be accompanied by a keyboard event handler. Consider whether an interactive element such as `<button type="button">` or `<a>` might be more appropriate
https://svelte.dev/e/a11y_click_events_have_key_events
21:     <!-- svelte-ignore a11y-no-static-element-interactions -->
22:     <div class="group flex items-center py-1.5 px-3 cursor-pointer text-sm hover:bg-[#f1f5f9] transition-colors border-l-2 {$selectedPartida?.id_partida === node.id_partida ? 'bg-[#e0edf9] border-[#0f3b5e]' : 'border-transparent'}" style="padding-left: {16 + level * 16}px;" on:click={() => select(node)}>
23:         <div class="w-5 text-center text-[#94a3b8] text-[10px] mr-1" on:click|stopPropagation={() => hasChildren && toggle(node.id_partida)}>
                  ^
24:             {#if hasChildren}
25:                 {#if expanded[node.id_partida]}
10:05:01 p. m. [vite-plugin-svelte] src/lib/components/partidas/TreeView.svelte:23:8 `<div>` with a click handler must have an ARIA role
https://svelte.dev/e/a11y_no_static_element_interactions
21:     <!-- svelte-ignore a11y-no-static-element-interactions -->
22:     <div class="group flex items-center py-1.5 px-3 cursor-pointer text-sm hover:bg-[#f1f5f9] transition-colors border-l-2 {$selectedPartida?.id_partida === node.id_partida ? 'bg-[#e0edf9] border-[#0f3b5e]' : 'border-transparent'}" style="padding-left: {16 + level * 16}px;" on:click={() => select(node)}>
23:         <div class="w-5 text-center text-[#94a3b8] text-[10px] mr-1" on:click|stopPropagation={() => hasChildren && toggle(node.id_partida)}>
                  ^
24:             {#if hasChildren}
25:                 {#if expanded[node.id_partida]}
10:05:01 p. m. [vite-plugin-svelte] src/lib/components/partidas/TreeView.svelte:23:69 Using `on:click` to listen to the click event is deprecated. Use the event attribute `onclick` instead
https://svelte.dev/e/event_directive_deprecated
21:     <!-- svelte-ignore a11y-no-static-element-interactions -->
22:     <div class="group flex items-center py-1.5 px-3 cursor-pointer text-sm hover:bg-[#f1f5f9] transition-colors border-l-2 {$selectedPartida?.id_partida === node.id_partida ? 'bg-[#e0edf9] border-[#0f3b5e]' : 'border-transparent'}" style="padding-left: {16 + level * 16}px;" on:click={() => select(node)}>
23:         <div class="w-5 text-center text-[#94a3b8] text-[10px] mr-1" on:click|stopPropagation={() => hasChildren && toggle(node.id_partida)}>
                                                                                                                                                ^
24:             {#if hasChildren}
25:                 {#if expanded[node.id_partida]}
10:05:01 p. m. [vite-plugin-svelte] src/lib/components/partidas/TreeView.svelte:47:8 `<svelte:self>` is deprecated — use self-imports (e.g. `import TreeView from './TreeView.svelte'`) instead
https://svelte.dev/e/svelte_self_deprecated
45: 
46:     {#if hasChildren && expanded[node.id_partida]}
47:         <svelte:self nodes={node.children} level={level + 1} />
                                                                   ^
48:     {/if}
49: {/each}
10:05:01 p. m. [vite-plugin-svelte] src/lib/components/comercial/clientes/ClientesTable.svelte:182:9 Buttons and links should either contain text or have an `aria-label`, `aria-labelledby` or `title` attribute
https://svelte.dev/e/a11y_consider_explicit_label
180:                 <div class="relative flex items-center gap-2">
181:                   <span>Razón Social / Nombre</span>
182:                   <button onclick={() => toggleColumnFilter('nombre')} class="text-slate-400 hover:text-blue-600 transition-colors">
                                ^
183:                     <i class="fas fa-filter"></i>
184:                   </button>
10:05:01 p. m. [vite-plugin-svelte] src/lib/components/comercial/clientes/ClientesTable.svelte:206:9 Buttons and links should either contain text or have an `aria-label`, `aria-labelledby` or `title` attribute
https://svelte.dev/e/a11y_consider_explicit_label
204:                 <div class="relative flex items-center gap-2">
205:                   <span>Tipo</span>
206:                   <button onclick={() => toggleColumnFilter('tipo')} class="text-slate-400 hover:text-blue-600 transition-colors">
                                ^
207:                     <i class="fas fa-filter"></i>
208:                   </button>
10:05:01 p. m. [vite-plugin-svelte] src/lib/components/comercial/clientes/ClientesTable.svelte:230:9 Buttons and links should either contain text or have an `aria-label`, `aria-labelledby` or `title` attribute
https://svelte.dev/e/a11y_consider_explicit_label
228:                 <div class="relative flex items-center gap-2">
229:                   <span>Documento</span>
230:                   <button onclick={() => toggleColumnFilter('documento')} class="text-slate-400 hover:text-blue-600 transition-colors">
                                ^
231:                     <i class="fas fa-filter"></i>
232:                   </button>
10:05:01 p. m. [vite-plugin-svelte] src/lib/components/comercial/clientes/ClientesTable.svelte:254:9 Buttons and links should either contain text or have an `aria-label`, `aria-labelledby` or `title` attribute
https://svelte.dev/e/a11y_consider_explicit_label
252:                 <div class="relative flex items-center gap-2">
253:                   <span>Contacto</span>
254:                   <button onclick={() => toggleColumnFilter('contacto')} class="text-slate-400 hover:text-blue-600 transition-colors">
                                ^
255:                     <i class="fas fa-filter"></i>
256:                   </button>
10:05:01 p. m. [vite-plugin-svelte] src/lib/components/comercial/clientes/ClientesTable.svelte:8:5 `searchTerm` is updated, but is not declared with `$state(...)`. Changing its value will not correctly trigger updates
https://svelte.dev/e/non_reactive_update
 6:   }>();
 7: 
 8:   let searchTerm = '';
                    ^
 9:   let tipoFilter = 'Todos';
10:   let activeFilterColumn: string | null = null;
10:05:01 p. m. [vite-plugin-svelte] src/lib/components/comercial/clientes/ClientesTable.svelte:9:5 `tipoFilter` is updated, but is not declared with `$state(...)`. Changing its value will not correctly trigger updates
https://svelte.dev/e/non_reactive_update
 7: 
 8:   let searchTerm = '';
 9:   let tipoFilter = 'Todos';
                    ^
10:   let activeFilterColumn: string | null = null;
11:   let showColumnPanel = false;
10:05:01 p. m. [vite-plugin-svelte] src/lib/components/comercial/clientes/ClientesTable.svelte:10:5 `activeFilterColumn` is updated, but is not declared with `$state(...)`. Changing its value will not correctly trigger updates
https://svelte.dev/e/non_reactive_update
 8:   let searchTerm = '';
 9:   let tipoFilter = 'Todos';
10:   let activeFilterColumn: string | null = null;
                                           ^
11:   let showColumnPanel = false;
12:   let visibleColumns = {
10:05:01 p. m. [vite-plugin-svelte] src/lib/components/comercial/clientes/ClientesTable.svelte:11:5 `showColumnPanel` is updated, but is not declared with `$state(...)`. Changing its value will not correctly trigger updates
https://svelte.dev/e/non_reactive_update
 9:   let tipoFilter = 'Todos';
10:   let activeFilterColumn: string | null = null;
11:   let showColumnPanel = false;
                         ^
12:   let visibleColumns = {
13:     nombre: true,
10:05:01 p. m. [vite-plugin-svelte] src/lib/components/partidas/PlantillaList.svelte:14:27 `a11y-no-static-element-interactions` is no longer valid — please use `a11y_no_static_element_interactions` instead
https://svelte.dev/e/legacy_code
12:     {#each $plantillasList as p}
13:         <!-- svelte-ignore a11y-click-events-have-key-events -->
14:         <!-- svelte-ignore a11y-no-static-element-interactions -->
                                                                  ^
15:         <div class="px-4 py-3 rounded-lg border mb-2 cursor-pointer transition-all flex justify-between items-center 
16:             {$selectedPlantilla?.id_plantilla === p.id_plantilla ? 'bg-[#e0edf9] border-[#0f3b5e]' : 'bg-white border-[#e2e8f0] hover:bg-[#f1f5f9] hover:border-[#cbd5e1]'}"
10:05:01 p. m. [vite-plugin-svelte] src/lib/components/partidas/PlantillaList.svelte:13:27 `a11y-click-events-have-key-events` is no longer valid — please use `a11y_click_events_have_key_events` instead
https://svelte.dev/e/legacy_code
11: <div class="flex-1 overflow-y-auto p-3">
12:     {#each $plantillasList as p}
13:         <!-- svelte-ignore a11y-click-events-have-key-events -->
                                                                ^
14:         <!-- svelte-ignore a11y-no-static-element-interactions -->
15:         <div class="px-4 py-3 rounded-lg border mb-2 cursor-pointer transition-all flex justify-between items-center 
10:05:01 p. m. [vite-plugin-svelte] src/lib/components/partidas/PlantillaList.svelte:15:8 Visible, non-interactive elements with a click event must be accompanied by a keyboard event handler. Consider whether an interactive element such as `<button type="button">` or `<a>` might be more appropriate
https://svelte.dev/e/a11y_click_events_have_key_events
13:         <!-- svelte-ignore a11y-click-events-have-key-events -->
14:         <!-- svelte-ignore a11y-no-static-element-interactions -->
15:         <div class="px-4 py-3 rounded-lg border mb-2 cursor-pointer transition-all flex justify-between items-center 
                  ^
16:             {$selectedPlantilla?.id_plantilla === p.id_plantilla ? 'bg-[#e0edf9] border-[#0f3b5e]' : 'bg-white border-[#e2e8f0] hover:bg-[#f1f5f9] hover:border-[#cbd5e1]'}"
17:             on:click={() => selectPlantilla(p)}>
10:05:01 p. m. [vite-plugin-svelte] src/lib/components/partidas/PlantillaList.svelte:15:8 `<div>` with a click handler must have an ARIA role
https://svelte.dev/e/a11y_no_static_element_interactions
13:         <!-- svelte-ignore a11y-click-events-have-key-events -->
14:         <!-- svelte-ignore a11y-no-static-element-interactions -->
15:         <div class="px-4 py-3 rounded-lg border mb-2 cursor-pointer transition-all flex justify-between items-center 
                  ^
16:             {$selectedPlantilla?.id_plantilla === p.id_plantilla ? 'bg-[#e0edf9] border-[#0f3b5e]' : 'bg-white border-[#e2e8f0] hover:bg-[#f1f5f9] hover:border-[#cbd5e1]'}"
17:             on:click={() => selectPlantilla(p)}>
10:05:01 p. m. [vite-plugin-svelte] src/lib/components/partidas/PlantillaList.svelte:17:12 Using `on:click` to listen to the click event is deprecated. Use the event attribute `onclick` instead
https://svelte.dev/e/event_directive_deprecated
15:         <div class="px-4 py-3 rounded-lg border mb-2 cursor-pointer transition-all flex justify-between items-center 
16:             {$selectedPlantilla?.id_plantilla === p.id_plantilla ? 'bg-[#e0edf9] border-[#0f3b5e]' : 'bg-white border-[#e2e8f0] hover:bg-[#f1f5f9] hover:border-[#cbd5e1]'}"
17:             on:click={() => selectPlantilla(p)}>
                                                   ^
18:             <div>
19:                 <div class="font-medium text-[14px] text-[#1e293b]">{(p.nombre || 'Sin nombre')}</div>
10:05:01 p. m. [vite-plugin-svelte] src/lib/components/partidas/PartidaModal.svelte:156:20 A form label must be associated with a control
https://svelte.dev/e/a11y_label_has_associated_control
154:                 
155:                 <div>
156:                     <label class="block text-sm font-medium text-[#1e293b] mb-1">
                                 ^
157:                         Código <span class="text-red-500">*</span>
158:                     </label>
10:05:01 p. m. [vite-plugin-svelte] src/lib/components/partidas/PartidaModal.svelte:168:20 A form label must be associated with a control
https://svelte.dev/e/a11y_label_has_associated_control
166:                 
167:                 <div>
168:                     <label class="block text-sm font-medium text-[#1e293b] mb-1">
                                 ^
169:                         Descripción <span class="text-red-500">*</span>
170:                     </label>
10:05:01 p. m. [vite-plugin-svelte] src/lib/components/partidas/PartidaModal.svelte:181:24 A form label must be associated with a control
https://svelte.dev/e/a11y_label_has_associated_control
179:                 <div class="grid grid-cols-2 gap-4">
180:                     <div>
181:                         <label class="block text-sm font-medium text-[#1e293b] mb-1">
                                     ^
182:                             Nivel
183:                         </label>
10:05:01 p. m. [vite-plugin-svelte] src/lib/components/partidas/PartidaModal.svelte:193:24 A form label must be associated with a control
https://svelte.dev/e/a11y_label_has_associated_control
191:                     
192:                     <div>
193:                         <label class="block text-sm font-medium text-[#1e293b] mb-1">
                                     ^
194:                             Unidad
195:                         </label>
10:05:01 p. m. [vite-plugin-svelte] src/lib/components/partidas/PartidaModal.svelte:206:20 A form label must be associated with a control
https://svelte.dev/e/a11y_label_has_associated_control
204:                 
205:                 <div>
206:                     <label class="block text-sm font-medium text-[#1e293b] mb-1">
                                 ^
207:                         Precio Unitario
208:                     </label>
10:05:01 p. m. [vite-plugin-svelte] src/lib/components/partidas/PartidaModal.svelte:219:20 A form label must be associated with a control
https://svelte.dev/e/a11y_label_has_associated_control
217:                 
218:                 <div>
219:                     <label class="block text-sm font-medium text-[#1e293b] mb-1">
                                 ^
220:                         Partida Padre (Opcional)
221:                     </label>
10:05:01 p. m. [vite-plugin-svelte] src/lib/components/partidas/PartidaDetail.svelte:31:35 `a11y-no-static-element-interactions` is no longer valid — please use `a11y_no_static_element_interactions` instead
https://svelte.dev/e/legacy_code
29:             {#each tabs as tab}
30:                 <!-- svelte-ignore a11y-click-events-have-key-events -->
31:                 <!-- svelte-ignore a11y-no-static-element-interactions -->
                                                                          ^
32:                 <div class="px-3 md:px-4 py-3 text-[13px] font-medium cursor-pointer border-b-[3px] transition-all {activeTab === tab.id ? 'text-[#0f3b5e] border-[#0f3b5e]' : 'text-[#64748b] border-transparent hover:text-[#0f3b5e]'}" on:click={() => activeTab = tab.id}>
33:                     {tab.label}
10:05:01 p. m. [vite-plugin-svelte] src/lib/components/partidas/PartidaDetail.svelte:30:35 `a11y-click-events-have-key-events` is no longer valid — please use `a11y_click_events_have_key_events` instead
https://svelte.dev/e/legacy_code
28:         <div class="flex flex-wrap border-b border-slate-200 bg-[#fafcff] px-2 md:px-6 shrink-0">
29:             {#each tabs as tab}
30:                 <!-- svelte-ignore a11y-click-events-have-key-events -->
                                                                        ^
31:                 <!-- svelte-ignore a11y-no-static-element-interactions -->
32:                 <div class="px-3 md:px-4 py-3 text-[13px] font-medium cursor-pointer border-b-[3px] transition-all {activeTab === tab.id ? 'text-[#0f3b5e] border-[#0f3b5e]' : 'text-[#64748b] border-transparent hover:text-[#0f3b5e]'}" on:click={() => activeTab = tab.id}>
10:05:01 p. m. [vite-plugin-svelte] src/lib/components/partidas/PartidaDetail.svelte:32:16 Visible, non-interactive elements with a click event must be accompanied by a keyboard event handler. Consider whether an interactive element such as `<button type="button">` or `<a>` might be more appropriate
https://svelte.dev/e/a11y_click_events_have_key_events
30:                 <!-- svelte-ignore a11y-click-events-have-key-events -->
31:                 <!-- svelte-ignore a11y-no-static-element-interactions -->
32:                 <div class="px-3 md:px-4 py-3 text-[13px] font-medium cursor-pointer border-b-[3px] transition-all {activeTab === tab.id ? 'text-[#0f3b5e] border-[#0f3b5e]' : 'text-[#64748b] border-transparent hover:text-[#0f3b5e]'}" on:click={() => activeTab = tab.id}>
                          ^
33:                     {tab.label}
34:                 </div>
10:05:01 p. m. [vite-plugin-svelte] src/lib/components/partidas/PartidaDetail.svelte:32:16 `<div>` with a click handler must have an ARIA role
https://svelte.dev/e/a11y_no_static_element_interactions
30:                 <!-- svelte-ignore a11y-click-events-have-key-events -->
31:                 <!-- svelte-ignore a11y-no-static-element-interactions -->
32:                 <div class="px-3 md:px-4 py-3 text-[13px] font-medium cursor-pointer border-b-[3px] transition-all {activeTab === tab.id ? 'text-[#0f3b5e] border-[#0f3b5e]' : 'text-[#64748b] border-transparent hover:text-[#0f3b5e]'}" on:click={() => activeTab = tab.id}>
                          ^
33:                     {tab.label}
34:                 </div>
10:05:01 p. m. [vite-plugin-svelte] src/lib/components/partidas/PartidaDetail.svelte:32:234 Using `on:click` to listen to the click event is deprecated. Use the event attribute `onclick` instead
https://svelte.dev/e/event_directive_deprecated
30:                 <!-- svelte-ignore a11y-click-events-have-key-events -->
31:                 <!-- svelte-ignore a11y-no-static-element-interactions -->
32:                 <div class="px-3 md:px-4 py-3 text-[13px] font-medium cursor-pointer border-b-[3px] transition-all {activeTab === tab.id ? 'text-[#0f3b5e] border-[#0f3b5e]' : 'text-[#64748b] border-transparent hover:text-[#0f3b5e]'}" on:click={() => activeTab = tab.id}>
                                                                                                                                                                                                                                                                                 ^
33:                     {tab.label}
34:                 </div>
10:05:01 p. m. [vite-plugin-svelte] src/lib/components/partidas/PartidaDetail.svelte:42:24 A form label must be associated with a control
https://svelte.dev/e/a11y_label_has_associated_control
40:                 <div class="space-y-4 max-w-2xl">
41:                     <div class="flex flex-col md:flex-row md:items-center">
42:                         <label class="w-40 font-medium text-[13px] text-[#475569] mb-1 md:mb-0">Código</label>
                                                                                                                  ^
43:                         <input type="text" value={$selectedPartida.codigo} class="flex-1 p-2 border border-[#d1d5db] rounded text-[14px] bg-[#f9fafb] text-[#1e293b] focus:outline-none focus:border-[#0f3b5e] focus:bg-white" readonly />
44:                     </div>
10:05:01 p. m. [vite-plugin-svelte] src/lib/components/partidas/PartidaDetail.svelte:46:24 A form label must be associated with a control
https://svelte.dev/e/a11y_label_has_associated_control
44:                     </div>
45:                     <div class="flex flex-col md:flex-row md:items-center">
46:                         <label class="w-40 font-medium text-[13px] text-[#475569] mb-1 md:mb-0">Descripción</label>
                                                                                                                       ^
47:                         <input type="text" value={$selectedPartida.descripcion} class="flex-1 p-2 border border-[#d1d5db] rounded text-[14px] bg-[#f9fafb] text-[#1e293b] focus:outline-none focus:border-[#0f3b5e] focus:bg-white" readonly />
48:                     </div>
10:05:01 p. m. [vite-plugin-svelte] src/lib/components/partidas/PartidaDetail.svelte:50:24 A form label must be associated with a control
https://svelte.dev/e/a11y_label_has_associated_control
48:                     </div>
49:                     <div class="flex flex-col md:flex-row md:items-center">
50:                         <label class="w-40 font-medium text-[13px] text-[#475569] mb-1 md:mb-0">Unidad</label>
                                                                                                                  ^
51:                         <select class="flex-1 p-2 border border-[#d1d5db] rounded text-[14px] bg-[#f9fafb] text-[#1e293b] focus:outline-none focus:border-[#0f3b5e] focus:bg-white" disabled>
52:                             <option>{$selectedPartida.unidad || 'glb'}</option>
10:05:01 p. m. [vite-plugin-svelte] src/lib/components/partidas/PartidaDetail.svelte:56:24 A form label must be associated with a control
https://svelte.dev/e/a11y_label_has_associated_control
54:                     </div>
55:                     <div class="flex flex-col md:flex-row md:items-center">
56:                         <label class="w-40 font-medium text-[13px] text-[#475569] mb-1 md:mb-0">Nivel</label>
                                                                                                                 ^
57:                         <input type="number" value={$selectedPartida.nivel} class="flex-1 p-2 border border-[#d1d5db] rounded text-[14px] bg-[#f9fafb] text-[#1e293b] focus:outline-none focus:border-[#0f3b5e] focus:bg-white" readonly />
58:                     </div>
10:05:01 p. m. [vite-plugin-svelte] src/lib/components/partidas/PartidaDetail.svelte:60:24 A form label must be associated with a control
https://svelte.dev/e/a11y_label_has_associated_control
58:                     </div>
59:                     <div class="flex flex-col md:flex-row md:items-center">
60:                         <label class="w-40 font-medium text-[13px] text-[#475569] mb-1 md:mb-0">Partida padre</label>
                                                                                                                         ^
61:                         <input type="text" value="C02.01 - Cimentación" class="flex-1 p-2 border border-[#d1d5db] rounded text-[14px] bg-[#f1f5f9] text-[#1e293b] cursor-not-allowed" disabled />
62:                     </div>
10:05:01 p. m. [vite-plugin-svelte] src/lib/components/partidas/PartidaDetail.svelte:67:24 A form label must be associated with a control
https://svelte.dev/e/a11y_label_has_associated_control
65:                 <div class="space-y-4 max-w-2xl">
66:                     <div class="flex flex-col md:flex-row md:items-center">
67:                         <label class="w-40 font-medium text-[13px] text-[#475569] mb-1 md:mb-0">Precio unitario</label>
                                                                                                                           ^
68:                         <input type="number" value={$selectedPartida.precio_unitario || 0.0} class="flex-1 p-2 border border-[#d1d5db] rounded text-[14px] bg-[#f9fafb] text-[#1e293b] focus:outline-none focus:border-[#0f3b5e] focus:bg-white" readonly />
69:                     </div>
10:05:02 p. m. [vite-plugin-svelte] src/lib/components/comercial/ventas/NuevaVentaModal.svelte:429:12 Using `on:click` to listen to the click event is deprecated. Use the event attribute `onclick` instead
https://svelte.dev/e/event_directive_deprecated
427:       <div class="flex items-center justify-between p-6 border-b border-slate-100 sticky top-0 bg-white rounded-t-2xl z-10">
428:         <h2 class="text-xl font-bold text-slate-800">Nueva venta</h2>
429:         <button on:click={onClose} aria-label="Cerrar modal" class="text-slate-400 hover:text-slate-600 transition-colors p-2 rounded-full hover:bg-slate-100">
                                       ^
430:           <i class="fas fa-times text-lg"></i>
431:         </button>
10:05:02 p. m. [vite-plugin-svelte] src/lib/components/comercial/ventas/NuevaVentaModal.svelte:446:8 A form label must be associated with a control
https://svelte.dev/e/a11y_label_has_associated_control
444:             <div class="grid grid-cols-1 md:grid-cols-4 gap-4">
445:               <div class="flex flex-col gap-1 md:col-span-1">
446:                 <label class="text-xs font-semibold text-slate-600">Proyecto *</label>
                                                                                           ^
447:                 <input type="text" bind:value={proyectoNombre} placeholder="Nombre del proyecto" class="px-3 py-2 bg-slate-50 border border-slate-200 rounded-lg text-sm focus:ring-2 focus:ring-blue-500 outline-none transition-all">
448:               </div>
10:05:02 p. m. [vite-plugin-svelte] src/lib/components/comercial/ventas/NuevaVentaModal.svelte:450:8 A form label must be associated with a control
https://svelte.dev/e/a11y_label_has_associated_control
448:               </div>
449:               <div class="flex flex-col gap-1 md:col-span-1">
450:                 <label class="text-xs font-semibold text-slate-600">Código de proyecto</label>
                                                                                                   ^
451:                 <input type="text" readonly value={codigoGenerado} class="px-3 py-2 bg-slate-100 border border-slate-200 text-slate-500 rounded-lg text-sm outline-none cursor-not-allowed">
452:                 <span class="text-[10px] text-slate-400 mt-0.5">Se generará automáticamente</span>
10:05:02 p. m. [vite-plugin-svelte] src/lib/components/comercial/ventas/NuevaVentaModal.svelte:455:8 A form label must be associated with a control
https://svelte.dev/e/a11y_label_has_associated_control
453:               </div>
454:               <div class="flex flex-col gap-1 md:col-span-1">
455:                 <label class="text-xs font-semibold text-slate-600">Fecha de venta *</label>
                                                                                                 ^
456:                 <input type="date" bind:value={fechaVenta} class="px-3 py-2 bg-slate-50 border border-slate-200 rounded-lg text-sm focus:ring-2 focus:ring-blue-500 outline-none transition-all text-slate-700">
457:               </div>
10:05:02 p. m. [vite-plugin-svelte] src/lib/components/comercial/ventas/NuevaVentaModal.svelte:459:8 A form label must be associated with a control
https://svelte.dev/e/a11y_label_has_associated_control
457:               </div>
458:               <div class="flex flex-col gap-1 md:col-span-1">
459:                 <label class="text-xs font-semibold text-slate-600">Asesor *</label>
                                                                                         ^
460:                 <input type="text" readonly value={asesor || 'Cargando asesor...'} class="px-3 py-2 bg-slate-50 border border-slate-200 rounded-lg text-sm outline-none text-slate-700">
461:                 <span class="text-[10px] text-slate-400 mt-0.5">Se asigna automáticamente con el usuario activo</span>
10:05:02 p. m. [vite-plugin-svelte] src/lib/components/comercial/ventas/NuevaVentaModal.svelte:464:8 A form label must be associated with a control
https://svelte.dev/e/a11y_label_has_associated_control
462:               </div>
463:               <div class="flex flex-col gap-1 md:col-span-1">
464:                 <label class="text-xs font-semibold text-slate-600">Cliente *</label>
                                                                                          ^
465:                 <select bind:value={selectedClienteId} class="px-3 py-2 bg-slate-50 border border-slate-200 rounded-lg text-sm focus:ring-2 focus:ring-blue-500 outline-none transition-all appearance-none text-slate-700">
466:                   <option value="">-- Selecciona cliente --</option>
10:05:02 p. m. [vite-plugin-svelte] src/lib/components/comercial/ventas/NuevaVentaModal.svelte:477:8 A form label must be associated with a control
https://svelte.dev/e/a11y_label_has_associated_control
475:               </div>
476:               <div class="flex flex-col gap-1 md:col-span-1">
477:                 <label class="text-xs font-semibold text-slate-600">Valor venta (S/) *</label>
                                                                                                   ^
478:                 <input type="text" bind:value={valorVenta} class="px-3 py-2 bg-slate-50 border border-slate-200 rounded-lg text-sm focus:ring-2 focus:ring-blue-500 outline-none transition-all text-slate-700">
479:               </div>
10:05:02 p. m. [vite-plugin-svelte] src/lib/components/comercial/ventas/NuevaVentaModal.svelte:482:9 A form label must be associated with a control
https://svelte.dev/e/a11y_label_has_associated_control
480:               <div class="flex flex-col gap-1 md:col-span-1 grid grid-cols-2 gap-2">
481:                 <div class="flex flex-col gap-1">
482:                   <label class="text-xs font-semibold text-slate-600">Comisión (%) *</label>
                                                                                                 ^
483:                   <input type="number" bind:value={comisionPorcentaje} class="px-3 py-2 bg-slate-50 border border-slate-200 rounded-lg text-sm focus:ring-2 focus:ring-blue-500 outline-none transition-all text-slate-700">
484:                 </div>
10:05:02 p. m. [vite-plugin-svelte] src/lib/components/comercial/ventas/NuevaVentaModal.svelte:486:9 A form label must be associated with a control
https://svelte.dev/e/a11y_label_has_associated_control
484:                 </div>
485:                 <div class="flex flex-col gap-1">
486:                   <label class="text-xs font-semibold text-slate-600">Comisión (S/)</label>
                                                                                                ^
487:                   <input type="text" readonly bind:value={comisionMonto} class="px-3 py-2 bg-slate-100 border border-slate-200 text-slate-500 rounded-lg text-sm outline-none cursor-not-allowed">
488:                 </div>
10:05:02 p. m. [vite-plugin-svelte] src/lib/components/comercial/ventas/NuevaVentaModal.svelte:492:9 A form label must be associated with a control
https://svelte.dev/e/a11y_label_has_associated_control
490:               <div class="flex flex-col gap-1 md:col-span-1 grid grid-cols-2 gap-2">
491:                 <div class="flex flex-col gap-1">
492:                   <label class="text-xs font-semibold text-slate-600">Proforma</label>
                                                                                           ^
493:                   <label class="cursor-pointer px-3 py-2 border border-slate-200 rounded-lg text-sm text-slate-600 hover:bg-slate-50 flex items-center justify-center gap-2 transition-colors">
494:                     <i class="fas fa-file-pdf text-rose-500"></i>
10:05:02 p. m. [vite-plugin-svelte] src/lib/components/comercial/ventas/NuevaVentaModal.svelte:495:54 Using `on:change` to listen to the change event is deprecated. Use the event attribute `onchange` instead
https://svelte.dev/e/event_directive_deprecated
493:                   <label class="cursor-pointer px-3 py-2 border border-slate-200 rounded-lg text-sm text-slate-600 hover:bg-slate-50 flex items-center justify-center gap-2 transition-colors">
494:                     <i class="fas fa-file-pdf text-rose-500"></i>
495:                     <input type="file" accept="application/pdf" on:change={(event) => proformaFile = event.currentTarget.files?.[0] ?? null} class="hidden" />
                                                                                                                                                 ^
496:                     {#if proformaFile}
497:                       <span class="text-xs text-slate-500 truncate max-w-[120px]">{proformaFile.name}</span>
10:05:02 p. m. [vite-plugin-svelte] src/lib/components/comercial/ventas/NuevaVentaModal.svelte:504:9 A form label must be associated with a control
https://svelte.dev/e/a11y_label_has_associated_control
502:                 </div>
503:                 <div class="flex flex-col gap-1">
504:                   <label class="text-xs font-semibold text-slate-600">Contrato</label>
                                                                                           ^
505:                   <label class="cursor-pointer px-3 py-2 border border-slate-200 rounded-lg text-sm text-slate-600 hover:bg-slate-50 flex items-center justify-center gap-2 transition-colors">
506:                     <i class="fas fa-file-pdf text-rose-500"></i>
10:05:02 p. m. [vite-plugin-svelte] src/lib/components/comercial/ventas/NuevaVentaModal.svelte:507:54 Using `on:change` to listen to the change event is deprecated. Use the event attribute `onchange` instead
https://svelte.dev/e/event_directive_deprecated
505:                   <label class="cursor-pointer px-3 py-2 border border-slate-200 rounded-lg text-sm text-slate-600 hover:bg-slate-50 flex items-center justify-center gap-2 transition-colors">
506:                     <i class="fas fa-file-pdf text-rose-500"></i>
507:                     <input type="file" accept="application/pdf" on:change={(event) => contratoFile = event.currentTarget.files?.[0] ?? null} class="hidden" />
                                                                                                                                                 ^
508:                     {#if contratoFile}
509:                       <span class="text-xs text-slate-500 truncate max-w-[120px]">{contratoFile.name}</span>
10:05:02 p. m. [vite-plugin-svelte] src/lib/components/comercial/ventas/NuevaVentaModal.svelte:527:8 A form label must be associated with a control
https://svelte.dev/e/a11y_label_has_associated_control
525:             <div class="grid grid-cols-1 md:grid-cols-4 gap-4 mb-6">
526:               <div class="flex flex-col gap-1">
527:                 <label class="text-xs font-semibold text-slate-600">Tipo de proyecto *</label>
                                                                                                   ^
528:                 <select bind:value={tipoProyecto} class="px-3 py-2 bg-slate-50 border border-slate-200 rounded-lg text-sm focus:ring-2 focus:ring-blue-500 outline-none transition-all">
529:                   <option value="O">Proyecto de Obra (O)</option>
10:05:02 p. m. [vite-plugin-svelte] src/lib/components/comercial/ventas/NuevaVentaModal.svelte:534:8 A form label must be associated with a control
https://svelte.dev/e/a11y_label_has_associated_control
532:               </div>
533:               <div class="flex flex-col gap-1">
534:                 <label class="text-xs font-semibold text-slate-600">Estado del predio *</label>
                                                                                                    ^
535:                 <select bind:value={estadoPredio} class="px-3 py-2 bg-slate-50 border border-slate-200 rounded-lg text-sm focus:ring-2 focus:ring-blue-500 outline-none transition-all">
536:                   <option value="A">Ampliación (A)</option>
10:05:02 p. m. [vite-plugin-svelte] src/lib/components/comercial/ventas/NuevaVentaModal.svelte:541:8 A form label must be associated with a control
https://svelte.dev/e/a11y_label_has_associated_control
539:               </div>
540:               <div class="flex flex-col gap-1">
541:                 <label class="text-xs font-semibold text-slate-600">Tipo de edificación *</label>
                                                                                                      ^
542:                 <select bind:value={tipoEdificacion} class="px-3 py-2 bg-slate-50 border border-slate-200 rounded-lg text-sm focus:ring-2 focus:ring-blue-500 outline-none transition-all">
543:                   <option value="M">Viv. Multifamiliar (M)</option>
10:05:02 p. m. [vite-plugin-svelte] src/lib/components/comercial/ventas/NuevaVentaModal.svelte:549:8 A form label must be associated with a control
https://svelte.dev/e/a11y_label_has_associated_control
547:               </div>
548:               <div class="flex flex-col gap-1">
549:                 <label class="text-xs font-semibold text-slate-600">Número de pisos *</label>
                                                                                                  ^
550:                 <input type="number" bind:value={numeroPisos} class="px-3 py-2 bg-slate-50 border border-slate-200 rounded-lg text-sm focus:ring-2 focus:ring-blue-500 outline-none transition-all">
551:               </div>
10:05:02 p. m. [vite-plugin-svelte] src/lib/components/comercial/ventas/NuevaVentaModal.svelte:554:8 A form label must be associated with a control
https://svelte.dev/e/a11y_label_has_associated_control
552: 
553:               <div class="flex flex-col gap-1">
554:                 <label class="text-xs font-semibold text-slate-600">Distrito *</label>
                                                                                           ^
555:                 <select bind:value={distrito} class="px-3 py-2 bg-slate-50 border border-slate-200 rounded-lg text-sm focus:ring-2 focus:ring-blue-500 outline-none transition-all">
556:                   <option value="ATE Salamanca">Ate</option>
10:05:02 p. m. [vite-plugin-svelte] src/lib/components/comercial/ventas/NuevaVentaModal.svelte:625:9 Buttons and links should either contain text or have an `aria-label`, `aria-labelledby` or `title` attribute
https://svelte.dev/e/a11y_consider_explicit_label
623:                 <div class="bg-blue-50 text-blue-700 px-4 py-1.5 rounded text-sm font-bold tracking-wide flex-1 md:flex-none flex items-center justify-between">
624:                   {codigoGenerado}
625:                   <button class="ml-4 text-blue-400 hover:text-blue-600"><i class="far fa-copy"></i></button>
                                                                                                                  ^
626:                 </div>
627:               </div>
10:05:02 p. m. [vite-plugin-svelte] src/lib/components/comercial/ventas/NuevaVentaModal.svelte:649:12 Using `on:click` to listen to the click event is deprecated. Use the event attribute `onclick` instead
https://svelte.dev/e/event_directive_deprecated
647:       <!-- Footer -->
648:       <div class="p-6 border-t border-slate-100 bg-slate-50 rounded-b-2xl flex justify-end gap-3">
649:         <button on:click={onClose} class="px-5 py-2.5 bg-white border border-slate-200 text-slate-600 rounded-xl hover:bg-slate-50 hover:text-slate-800 font-medium text-sm transition-colors shadow-sm">
                                       ^
650:           Cancelar
651:         </button>
10:05:02 p. m. [vite-plugin-svelte] src/lib/components/comercial/ventas/NuevaVentaModal.svelte:652:12 Using `on:click` to listen to the click event is deprecated. Use the event attribute `onclick` instead
https://svelte.dev/e/event_directive_deprecated
650:           Cancelar
651:         </button>
652:         <button on:click={() => !isSaving && handleGuardar()} disabled={isSaving} aria-busy={isSaving} class="px-6 py-2.5 bg-blue-600 text-white rounded-xl font-medium text-sm shadow-md shadow-blue-600/20 active:scale-[0.98] transition-all flex items-center gap-2 disabled:opacity-60 disabled:cursor-not-allowed">
                                                                  ^
653:           {#if isSaving}
654:             <i class="fas fa-spinner fa-spin"></i> Guardando...
10:05:02 p. m. [vite-plugin-svelte] src/lib/components/comercial/ventas/VentasTable.svelte:91:3 A form label must be associated with a control
https://svelte.dev/e/a11y_label_has_associated_control
89:   <div class="p-4 border-b border-slate-100 flex flex-wrap items-center gap-4">
90:     <div class="flex flex-col gap-1 min-w-[140px] flex-1 md:flex-none">
91:       <label class="text-[10px] font-bold text-slate-500 uppercase tracking-wide">Proyecto</label>
                                                                                                      ^
92:       <select bind:value={filtroProyecto} class="text-sm px-3 py-2 bg-slate-50 border border-slate-200 rounded-lg outline-none focus:ring-2 focus:ring-blue-500 text-slate-700">
93:         <option value="Todos">Todos los proyectos</option>
10:05:02 p. m. [vite-plugin-svelte] src/lib/components/comercial/ventas/VentasTable.svelte:100:3 A form label must be associated with a control
https://svelte.dev/e/a11y_label_has_associated_control
 98:     </div>
 99:     <div class="flex flex-col gap-1 min-w-[120px] flex-1 md:flex-none">
100:       <label class="text-[10px] font-bold text-slate-500 uppercase tracking-wide">Tipo proyecto</label>
                                                                                                            ^
101:       <select bind:value={filtroTipo} class="text-sm px-3 py-2 bg-slate-50 border border-slate-200 rounded-lg outline-none focus:ring-2 focus:ring-blue-500 text-slate-700">
102:         <option value="Todos">Todos</option>
10:05:02 p. m. [vite-plugin-svelte] src/lib/components/comercial/ventas/VentasTable.svelte:109:3 A form label must be associated with a control
https://svelte.dev/e/a11y_label_has_associated_control
107:     </div>
108:     <div class="flex flex-col gap-1 min-w-[140px] flex-1 md:flex-none">
109:       <label class="text-[10px] font-bold text-slate-500 uppercase tracking-wide">Asesor</label>
                                                                                                     ^
110:       <select bind:value={filtroAsesor} class="text-sm px-3 py-2 bg-slate-50 border border-slate-200 rounded-lg outline-none focus:ring-2 focus:ring-blue-500 text-slate-700">
111:         <option value="Todos">Todos</option>
10:05:02 p. m. [vite-plugin-svelte] src/lib/components/comercial/ventas/VentasTable.svelte:118:3 A form label must be associated with a control
https://svelte.dev/e/a11y_label_has_associated_control
116:     </div>
117:     <div class="flex flex-col gap-1 min-w-[130px] flex-1 md:flex-none">
118:       <label class="text-[10px] font-bold text-slate-500 uppercase tracking-wide">Fecha desde</label>
                                                                                                          ^
119:       <input type="date" bind:value={fechaDesde} class="text-sm px-3 py-2 bg-slate-50 border border-slate-200 rounded-lg outline-none focus:ring-2 focus:ring-blue-500 text-slate-700 w-full" />
120:     </div>
10:05:02 p. m. [vite-plugin-svelte] src/lib/components/comercial/ventas/VentasTable.svelte:122:3 A form label must be associated with a control
https://svelte.dev/e/a11y_label_has_associated_control
120:     </div>
121:     <div class="flex flex-col gap-1 min-w-[130px] flex-1 md:flex-none">
122:       <label class="text-[10px] font-bold text-slate-500 uppercase tracking-wide">Fecha hasta</label>
                                                                                                          ^
123:       <input type="date" bind:value={fechaHasta} class="text-sm px-3 py-2 bg-slate-50 border border-slate-200 rounded-lg outline-none focus:ring-2 focus:ring-blue-500 text-slate-700 w-full" />
124:     </div>
10:05:02 p. m. [vite-plugin-svelte] src/lib/components/comercial/ventas/VentasTable.svelte:16:5 `filtroProyecto` is updated, but is not declared with `$state(...)`. Changing its value will not correctly trigger updates
https://svelte.dev/e/non_reactive_update
14:   ] } = $props<{ data?: any[] }>();
15: 
16:   let filtroProyecto = 'Todos';
                        ^
17:   let filtroTipo = 'Todos';
18:   let filtroAsesor = 'Todos';
10:05:02 p. m. [vite-plugin-svelte] src/lib/components/comercial/ventas/VentasTable.svelte:17:5 `filtroTipo` is updated, but is not declared with `$state(...)`. Changing its value will not correctly trigger updates
https://svelte.dev/e/non_reactive_update
15: 
16:   let filtroProyecto = 'Todos';
17:   let filtroTipo = 'Todos';
                    ^
18:   let filtroAsesor = 'Todos';
19:   let fechaDesde = '';
10:05:02 p. m. [vite-plugin-svelte] src/lib/components/comercial/ventas/VentasTable.svelte:18:5 `filtroAsesor` is updated, but is not declared with `$state(...)`. Changing its value will not correctly trigger updates
https://svelte.dev/e/non_reactive_update
16:   let filtroProyecto = 'Todos';
17:   let filtroTipo = 'Todos';
18:   let filtroAsesor = 'Todos';
                      ^
19:   let fechaDesde = '';
20:   let fechaHasta = '';
10:05:02 p. m. [vite-plugin-svelte] src/lib/components/comercial/ventas/VentasTable.svelte:19:5 `fechaDesde` is updated, but is not declared with `$state(...)`. Changing its value will not correctly trigger updates
https://svelte.dev/e/non_reactive_update
17:   let filtroTipo = 'Todos';
18:   let filtroAsesor = 'Todos';
19:   let fechaDesde = '';
                    ^
20:   let fechaHasta = '';
21: 
10:05:02 p. m. [vite-plugin-svelte] src/lib/components/comercial/ventas/VentasTable.svelte:20:5 `fechaHasta` is updated, but is not declared with `$state(...)`. Changing its value will not correctly trigger updates
https://svelte.dev/e/non_reactive_update
18:   let filtroAsesor = 'Todos';
19:   let fechaDesde = '';
20:   let fechaHasta = '';
                    ^
21: 
22:   function getProyectosDisponibles() {
10:05:02 p. m. [vite-plugin-svelte] src/lib/components/comercial/ventas/VentasCharts.svelte:41:10 This reference only captures the initial value of `ventasPorMes`. Did you mean to reference it inside a closure instead?
https://svelte.dev/e/state_referenced_locally
39:       {
40:         label: 'Ventas',
41:         data: ventasPorMes,
                              ^
42:         fill: true,
43:         backgroundColor: 'rgba(59, 130, 246, 0.1)', // blue-500 with opacity
10:05:02 p. m. [vite-plugin-svelte] src/lib/components/comercial/ventas/VentasCharts.svelte:85:10 This reference only captures the initial value of `ventasVsPropuestas`. Did you mean to reference it inside a closure instead?
https://svelte.dev/e/state_referenced_locally
83:       {
84:         label: 'Ventas',
85:         data: ventasVsPropuestas.ventas,
                                    ^
86:         backgroundColor: '#3b82f6', // blue-500
87:         borderRadius: 2
10:05:02 p. m. [vite-plugin-svelte] src/lib/components/comercial/ventas/VentasCharts.svelte:91:10 This reference only captures the initial value of `ventasVsPropuestas`. Did you mean to reference it inside a closure instead?
https://svelte.dev/e/state_referenced_locally
89:       {
90:         label: 'Propuestas',
91:         data: ventasVsPropuestas.propuestas,
                                    ^
92:         backgroundColor: '#94a3b8', // slate-400
93:         borderRadius: 2
10:05:02 p. m. [vite-plugin-svelte] src/lib/components/comercial/ventas/VentasCharts.svelte:127:10 This reference only captures the initial value of `comisionesPorMes`. Did you mean to reference it inside a closure instead?
https://svelte.dev/e/state_referenced_locally
125:       {
126:         label: 'Comisiones',
127:         data: comisionesPorMes,
                                   ^
128:         fill: true,
129:         backgroundColor: 'rgba(16, 185, 129, 0.1)', // emerald-500
✓ 4009 modules transformed.
rendering chunks...
computing gzip size...
.svelte-kit/output/client/_app/version.json                         0.02 kB │ gzip:  0.04 kB
.svelte-kit/output/client/.vite/manifest.json                       7.95 kB │ gzip:  1.02 kB
.svelte-kit/output/client/_app/immutable/assets/0.Ev0344y6.css     52.47 kB │ gzip:  9.70 kB
.svelte-kit/output/client/_app/immutable/chunks/B0oN8CGn.js         0.02 kB │ gzip:  0.04 kB
.svelte-kit/output/client/_app/immutable/chunks/oCVqulx-.js         0.02 kB │ gzip:  0.04 kB
.svelte-kit/output/client/_app/immutable/chunks/t62M88qj.js         0.06 kB │ gzip:  0.08 kB
.svelte-kit/output/client/_app/immutable/entry/start.CHIqC9n7.js    0.08 kB │ gzip:  0.09 kB
.svelte-kit/output/client/_app/immutable/nodes/1.C2OVpf_o.js        0.37 kB │ gzip:  0.26 kB
.svelte-kit/output/client/_app/immutable/nodes/3.BOGQbcWm.js        0.38 kB │ gzip:  0.28 kB
.svelte-kit/output/client/_app/immutable/chunks/D8pjBbY6.js         0.50 kB │ gzip:  0.28 kB
.svelte-kit/output/client/_app/immutable/chunks/COgPn9cj.js         0.76 kB │ gzip:  0.33 kB
.svelte-kit/output/client/_app/immutable/chunks/DwNPkco2.js         1.12 kB │ gzip:  0.57 kB
.svelte-kit/output/client/_app/immutable/chunks/C-OaypFN.js         1.20 kB │ gzip:  0.68 kB
.svelte-kit/output/client/_app/immutable/chunks/CNs6KMtq.js         2.35 kB │ gzip:  1.00 kB
.svelte-kit/output/client/_app/immutable/nodes/0.DSOK2Lzc.js        3.02 kB │ gzip:  1.24 kB
.svelte-kit/output/client/_app/immutable/entry/app.D_fnL3j5.js      5.11 kB │ gzip:  1.76 kB
.svelte-kit/output/client/_app/immutable/nodes/10.BImO_LzY.js       5.51 kB │ gzip:  2.30 kB
.svelte-kit/output/client/_app/immutable/nodes/9.DDDiWuwa.js       12.70 kB │ gzip:  4.57 kB
.svelte-kit/output/client/_app/immutable/nodes/7.Cjrv_n7P.js       12.94 kB │ gzip:  3.57 kB
.svelte-kit/output/client/_app/immutable/nodes/5.CoqLzDuz.js       13.34 kB │ gzip:  4.28 kB
.svelte-kit/output/client/_app/immutable/nodes/2.Ip06F0kM.js       13.35 kB │ gzip:  4.88 kB
.svelte-kit/output/client/_app/immutable/nodes/8.CCnvLKWk.js       22.25 kB │ gzip:  6.86 kB
.svelte-kit/output/client/_app/immutable/nodes/4.sx3v_tEW.js       22.72 kB │ gzip:  6.24 kB
.svelte-kit/output/client/_app/immutable/nodes/11.dIaTbXqL.js      24.34 kB │ gzip:  5.11 kB
.svelte-kit/output/client/_app/immutable/nodes/13.B9Wslpvp.js      25.14 kB │ gzip:  5.63 kB
.svelte-kit/output/client/_app/immutable/chunks/Bqe6WFQO.js        31.40 kB │ gzip: 11.99 kB
.svelte-kit/output/client/_app/immutable/nodes/12.D-i0jQ6e.js      34.32 kB │ gzip:  9.97 kB
.svelte-kit/output/client/_app/immutable/chunks/DKj2z75e.js        58.68 kB │ gzip: 22.37 kB
.svelte-kit/output/client/_app/immutable/nodes/6.CJxg5hES.js       59.22 kB │ gzip: 15.82 kB
.svelte-kit/output/client/_app/immutable/chunks/B7xW2FTt.js       191.09 kB │ gzip: 66.26 kB
.svelte-kit/output/client/_app/immutable/chunks/DkQg2btw.js       199.55 kB │ gzip: 51.21 kB

[33m[33m[PLUGIN_TIMINGS] [0mYour build spent significant time in plugins. Here is a breakdown:
  - vite-plugin-sveltekit-guard (74%)
  - vite-plugin-svelte:load-custom (17%)
  - vite-plugin-sveltekit-virtual-modules (4%)
  - vite-plugin-svelte:compile (3%)
See https://rolldown.rs/options/checks#plugintimings for more details.
[39m
[32m✓ built in 16.41s[39m
[Supabase] Server client initialized with the available credentials.
Could not fetch dashboard stats from Supabase. Returning mock fallback. {
  code: 'PGRST205',
  details: null,
  hint: "Perhaps you meant the table 'public.cuentas_pagar'",
  message: "Could not find the table 'public.ventas' in the schema cache"
}

node:internal/event_target:1118
  process.nextTick(() => { throw err; });
                           ^
Error: The following routes were marked as prerenderable, but were not prerendered because they were not found while crawling your app:
  - /(app)/proyectos/gestion/[id]

See the `handleUnseenRoutes` option in https://svelte.dev/docs/kit/configuration#prerender for more info.
To suppress or handle this error, implement `handleUnseenRoutes` in https://svelte.dev/docs/kit/configuration#prerender
    at file:///C:/Users/linar/Desktop/PROYECTOS_2026/ERPConstruni/ConstruniERP/app/node_modules/@sveltejs/kit/src/core/config/options.js:271:13
    at file:///C:/Users/linar/Desktop/PROYECTOS_2026/ERPConstruni/ConstruniERP/app/node_modules/@sveltejs/kit/src/core/postbuild/prerender.js:76:25
    at prerender (file:///C:/Users/linar/Desktop/PROYECTOS_2026/ERPConstruni/ConstruniERP/app/node_modules/@sveltejs/kit/src/core/postbuild/prerender.js:593:3)
    at process.processTicksAndRejections (node:internal/process/task_queues:103:5)
    at async MessagePort.<anonymous> (file:///C:/Users/linar/Desktop/PROYECTOS_2026/ERPConstruni/ConstruniERP/app/node_modules/@sveltejs/kit/src/utils/fork.js:23:16)

Node.js v22.22.3
